ticker,lstm_s,mc_mean,mc_std,sent_score,regime,regime_conf,legacy_regime,risk_score_corr,div_status,topo_modifier,topo_chaos,topo_signal,causal_modifier,causal_score,combined_mod,adver_passed,adver_delta,adver_penalty,top_driver,ig_score,raw_conf,gated_conf,gdi,gdi_penalty,gdi_tension,conflict_ruling,arb_conf,asc_score,asc_penalty,asc_quadrant,bcs,aesl_zone,aesl_mult,alloc_pct,display_alloc_pct,kelly_frac,num_shares,decision,actual_ret,result_cat,result_icon,test_date,outcome_date,window
AAPL,1.0,1.0,0.0,0.08,Sideways,0.98,N/A,0.2163,OK,0.9104,0.7085,SIDEWAYS,1.0314,0.8046,0.9709,True,0.0145,1.0,log_return,0.00333,0.9944,0.9654,0.277,0.95,MILD,NO_CONFLICT,0.7241,0.9291,0.75,STRONG SYCOPHANCY — low dominance (−25%),0.2167,MODERATE,0.819,16.38,16.38,0.5861,7,BUY,0.789,noise_c,🔍✓,2024-11-06,2024-11-11,Win1:  Bull-PostElection  (Nov06→11-2024)
MSFT,1.0,1.0,0.0,0.07,Bear,0.86,N/A,0.389,OK,0.9035,0.7445,SIDEWAYS,1.0314,0.8046,0.9675,True,0.0597,1.0,log_return,-0.000776,0.9937,0.9613,0.668,0.5,CRITICAL,NO_CONFLICT,0.721,0.9291,0.75,STRONG SYCOPHANCY — low dominance (−25%),0.6176,CRITICAL,0.2898,2.9,2.9,0.535,0,HOLD,-0.516,hold,—,2024-11-06,2024-11-11,Win1:  Bull-PostElection  (Nov06→11-2024)
NVDA,0.9999,0.9999,0.0001,0.12,Bear,0.89,N/A,0.6277,MINOR,0.9204,0.6557,SIDEWAYS,0.9355,0.6182,0.928,True,0.0134,1.0,sma10_dist,0.004398,0.9957,0.9239,0.6772,0.5,CRITICAL,MILD_ADJUST,0.614,0.9291,0.75,STRONG SYCOPHANCY — low dominance (−25%),0.6129,CRITICAL,0.2898,1.79,1.79,0.3567,1,HOLD,-0.24,hold,—,2024-11-06,2024-11-11,Win1:  Bull-PostElection  (Nov06→11-2024)
TSLA,0.9991,0.9991,0.0009,0.25,Bear,0.89,N/A,0.72,CRITICAL,0.9865,0.5673,CHAOTIC,0.9355,0.6182,0.961,True,0.0479,1.0,sma10_dist,0.003137,0.9981,0.9592,0.7493,0.5,CRITICAL,MILD_ADJUST,0.6043,0.9291,0.75,STRONG SYCOPHANCY — low dominance (−25%),0.5864,MODERATE,0.69,2.94,2.94,0.3405,1,HOLD,21.305,hold,—,2024-11-06,2024-11-11,Win1:  Bull-PostElection  (Nov06→11-2024)
META,0.9996,0.9996,0.0004,0.1,Sideways,0.8,N/A,0.3741,OK,1.0094,0.4532,NEUTRAL,0.9655,0.6515,0.9875,True,0.0444,1.0,vol_change,0.004119,0.9951,0.9827,0.2747,0.95,MILD,NO_CONFLICT,0.737,0.9291,0.75,STRONG SYCOPHANCY — low dominance (−25%),0.1945,MILD,0.828,16.56,16.56,0.6055,2,BUY,1.944,noise_c,🔍✓,2024-11-06,2024-11-11,Win1:  Bull-PostElection  (Nov06→11-2024)
GOOGL,0.9998,0.9998,0.0002,0.06,Sideways,0.86,N/A,0.3231,OK,0.924,0.6367,SIDEWAYS,0.9655,0.6515,0.9447,False,0.0006,0.72,macd_norm,0.002967,0.9934,0.6757,0.2789,0.95,MILD,NO_CONFLICT,0.5068,0.9291,0.75,STRONG SYCOPHANCY — low dominance (−25%),0.2775,MODERATE,0.75,9.27,9.27,0.2602,5,HOLD,2.176,hold,—,2024-11-06,2024-11-11,Win1:  Bull-PostElection  (Nov06→11-2024)
AMZN,0.0028,0.0028,0.0028,0.08,Bear,0.89,N/A,0.4921,MINOR,0.9914,0.5432,CHAOTIC,0.9355,0.6182,0.9634,True,-0.8826,1.0,vol_change,0.005871,0.1673,0.1612,0.2494,0.95,MILD,NO_CONFLICT,0.1153,0.922,0.75,STRONG SYCOPHANCY — low dominance (−25%),0.4915,MODERATE,0.75,0.0,2.0,-0.4744,0,SELL,-0.121,noise_c,🔍✓,2024-11-06,2024-11-11,Win1:  Bull-PostElection  (Nov06→11-2024)
AMD,0.0847,0.0847,0.0847,0.08,Bear,0.98,N/A,0.72,CRITICAL,0.906,0.7314,SIDEWAYS,0.9355,0.6182,0.9207,True,-0.8936,1.0,sma10_dist,0.003163,0.1988,0.1831,0.3047,0.95,MILD,SYSTEMIC_VETO,0.0412,0.9092,0.75,STRONG SYCOPHANCY — low dominance (−25%),0.3655,MODERATE,0.69,0.0,2.0,-0.598,0,SELL,1.551,noise_w,🔍✗,2024-11-06,2024-11-11,Win1:  Bull-PostElection  (Nov06→11-2024)
INTC,0.0259,0.0259,0.0259,0.03,Bear,0.68,N/A,0.72,CRITICAL,0.9873,0.5636,CHAOTIC,0.9355,0.6182,0.9614,True,-0.7595,1.0,macd_norm,0.003321,0.1692,0.2644,0.2711,0.95,MILD,SYSTEMIC_VETO,0.0595,0.9203,0.75,STRONG SYCOPHANCY — low dominance (−25%),0.2195,MILD,0.828,0.0,2.0,-0.5675,0,SELL,0.0,noise_c,🔍✓,2024-11-06,2024-11-11,Win1:  Bull-PostElection  (Nov06→11-2024)
ORCL,0.1046,0.1046,0.1046,0.06,Bear,0.93,N/A,0.3503,OK,1.0106,0.4471,CHAOTIC,0.9655,0.6515,0.988,True,-0.8847,1.0,log_return,-0.001234,0.2037,0.2013,0.2587,0.95,MILD,MILD_ADJUST,0.1345,0.9288,0.75,STRONG SYCOPHANCY — low dominance (−25%),0.0735,HARMONY,1.0,0.0,2.0,-0.4425,0,SELL,4.353,wrong,❌,2024-11-06,2024-11-11,Win1:  Bull-PostElection  (Nov06→11-2024)
SPY,0.5912,0.5912,0.4088,0.1,Bull,0.83,N/A,0.3,OK,1.0097,0.4516,NEUTRAL,0.95,0.5,0.9798,True,-0.3891,1.0,vol_change,0.002445,0.9064,0.7349,0.2563,0.95,MILD,MILD_ADJUST,0.4685,0.9399,0.75,STRONG SYCOPHANCY — low dominance (−25%),0.0393,HARMONY,1.04,12.64,12.64,0.2559,2,HOLD,1.306,hold,—,2024-11-06,2024-11-11,Win1:  Bull-PostElection  (Nov06→11-2024)
QQQ,0.9979,0.9979,0.0021,0.12,Sideways,0.94,N/A,0.3,OK,0.9884,0.5581,CHAOTIC,0.95,0.5,0.9692,False,-0.0004,0.72,RSI,0.003271,0.9958,0.6949,0.2718,0.95,MILD,NO_CONFLICT,0.5212,0.9338,0.75,STRONG SYCOPHANCY — low dominance (−25%),0.2093,MILD,0.936,12.53,12.53,0.2818,2,BUY,1.634,correct,✅,2024-11-06,2024-11-11,Win1:  Bull-PostElection  (Nov06→11-2024)
DIA,0.3462,0.3462,0.3462,0.09,Bull,0.89,N/A,0.3,OK,0.9923,0.5386,NEUTRAL,0.95,0.5,0.9711,True,-0.5819,1.0,log_return,-0.001934,0.4059,0.3942,0.4244,0.85,MODERATE,MILD_ADJUST,0.2513,0.9396,0.75,STRONG SYCOPHANCY — low dominance (−25%),0.5127,MODERATE,0.7725,0.0,2.0,-0.0482,0,SELL,1.322,wrong,❌,2024-11-06,2024-11-11,Win1:  Bull-PostElection  (Nov06→11-2024)
IWM,0.0,0.0,0.0,0.15,Sideways,0.79,N/A,0.3,OK,0.9124,0.6979,SIDEWAYS,0.95,0.5,0.9312,True,-0.9882,1.0,log_return,-0.002359,0.236,0.2198,0.33,0.95,MILD,HOLD,0.36,0.9496,0.75,STRONG SYCOPHANCY — low dominance (−25%),0.676,HIGH,0.4301,0.8,0.8,0.04,0,HOLD,1.889,hold,—,2024-11-06,2024-11-11,Win1:  Bull-PostElection  (Nov06→11-2024)
JPM,1.0,1.0,0.0,0.12,Sideways,0.72,N/A,0.3302,OK,0.9874,0.5628,CHAOTIC,0.9655,0.6515,0.9765,False,0.0094,0.72,sma20_dist,0.00228,0.9958,0.7001,0.2945,0.95,MILD,NO_CONFLICT,0.4551,0.9568,0.65,EXTREME SYCOPHANCY — ensemble collapsed (−35%),0.1817,MILD,0.7038,3.77,3.77,0.1826,1,HOLD,-3.145,hold,—,2024-11-06,2024-11-11,Win1:  Bull-PostElection  (Nov06→11-2024)
BAC,1.0,1.0,0.0,0.11,Sideways,0.83,N/A,0.3086,OK,1.0079,0.4604,CHAOTIC,0.9655,0.6515,0.9867,False,0.0016,0.72,sma10_dist,0.00234,0.9955,0.7072,0.2818,0.95,MILD,NO_CONFLICT,0.4597,0.9568,0.65,EXTREME SYCOPHANCY — ensemble collapsed (−35%),0.1969,MILD,0.765,5.2,5.2,0.1895,11,HOLD,1.475,hold,—,2024-11-06,2024-11-11,Win1:  Bull-PostElection  (Nov06→11-2024)
GS,0.0023,0.0023,0.0023,0.14,Sideways,0.6,N/A,0.327,OK,1.0082,0.4588,CHAOTIC,1.0314,0.8046,1.0198,True,-0.5211,1.0,log_return,-0.00316,0.2355,0.348,0.3583,0.85,MODERATE,HOLD,0.312,0.9704,0.65,EXTREME SYCOPHANCY — ensemble collapsed (−35%),0.6705,HIGH,0.4675,0.0,2.0,-0.032,0,SELL,1.067,noise_w,🔍✗,2024-11-06,2024-11-11,Win1:  Bull-PostElection  (Nov06→11-2024)
V,1.0,1.0,0.0,0.08,Sideways,0.82,N/A,0.381,OK,1.0087,0.4564,CHAOTIC,0.9355,0.6182,0.9721,True,0.0576,1.0,vol_change,0.002267,0.9944,0.9666,0.277,0.95,MILD,NO_CONFLICT,0.7249,0.9171,0.75,STRONG SYCOPHANCY — low dominance (−25%),0.1989,MILD,0.7038,14.08,14.08,0.5874,4,BUY,1.145,noise_c,🔍✓,2024-11-06,2024-11-11,Win1:  Bull-PostElection  (Nov06→11-2024)
GLD,0.0,0.0,0.0,-0.05,Bull,0.63,N/A,0.3,OK,1.0104,0.4478,CHAOTIC,0.95,0.5,0.9802,True,-0.676,1.0,vol_change,-0.002367,0.253,0.3376,0.67,0.5,CRITICAL,NO_CONFLICT,0.2532,0.934,0.75,STRONG SYCOPHANCY — low dominance (−25%),0.8156,HIGH,0.4675,0.0,2.0,-0.0455,0,SELL,-1.449,noise_c,🔍✓,2024-11-06,2024-11-11,Win1:  Bull-PostElection  (Nov06→11-2024)
TLT,0.0,0.0,0.0,-0.08,Sideways,0.75,N/A,0.3,OK,0.9263,0.6246,SIDEWAYS,0.95,0.5,0.9382,True,-0.594,1.0,vol_change,-0.004647,0.2038,0.1912,0.277,0.95,MILD,NO_CONFLICT,0.1434,0.934,0.75,STRONG SYCOPHANCY — low dominance (−25%),0.3666,MODERATE,0.5865,0.0,2.0,-0.2849,0,SELL,2.04,wrong,❌,2024-11-06,2024-11-11,Win1:  Bull-PostElection  (Nov06→11-2024)
SLV,0.0001,0.0001,0.0001,-0.03,Bear,0.68,N/A,0.3,OK,0.991,0.5448,CHAOTIC,0.95,0.5,0.9705,True,-0.1017,1.0,vol_change,-0.00114,0.1508,0.2548,0.2247,0.95,MILD,NO_CONFLICT,0.1911,0.934,0.75,STRONG SYCOPHANCY — low dominance (−25%),0.2922,MILD,0.7038,0.0,2.0,-0.3482,0,SELL,-1.618,noise_c,🔍✓,2024-11-06,2024-11-11,Win1:  Bull-PostElection  (Nov06→11-2024)
XOM,0.9996,0.9996,0.0004,0.06,Sideways,0.79,N/A,0.35,OK,0.9067,0.7277,SIDEWAYS,0.9954,0.6848,0.951,True,0.0225,1.0,sma20_dist,0.002273,0.9934,0.9448,0.2788,0.95,MILD,NO_CONFLICT,0.7086,0.9247,0.75,STRONG SYCOPHANCY — low dominance (−25%),0.2722,MILD,0.765,15.3,15.3,0.5629,13,BUY,-0.438,noise_w,🔍✗,2024-11-06,2024-11-11,Win1:  Bull-PostElection  (Nov06→11-2024)
CVX,1.0,1.0,0.0,0.05,Sideways,0.82,N/A,0.35,OK,0.9279,0.6163,SIDEWAYS,0.9954,0.6848,0.9616,True,0.0308,1.0,macd_norm,0.001939,0.9928,0.9548,0.28,0.95,MILD,NO_CONFLICT,0.7161,0.9247,0.75,STRONG SYCOPHANCY — low dominance (−25%),0.2748,MILD,0.765,15.3,15.3,0.5741,10,BUY,-0.774,noise_w,🔍✗,2024-11-06,2024-11-11,Win1:  Bull-PostElection  (Nov06→11-2024)
WMT,0.972,0.972,0.028,0.04,Sideways,0.98,N/A,0.3325,OK,1.0089,0.4554,CHAOTIC,0.9654,0.6515,0.9871,True,0.0666,1.0,vol_change,0.004793,0.9912,0.9295,0.2651,0.95,MILD,NO_CONFLICT,0.6971,0.9315,0.75,STRONG SYCOPHANCY — low dominance (−25%),0.3139,MODERATE,0.75,15.0,15.0,0.5457,18,BUY,0.923,noise_c,🔍✓,2024-11-06,2024-11-11,Win1:  Bull-PostElection  (Nov06→11-2024)
PG,0.9997,0.9997,0.0003,0.03,Bull,0.68,N/A,0.4552,MINOR,0.9157,0.6805,SIDEWAYS,0.9354,0.6181,0.9255,True,0.1581,1.0,RSI,0.000539,0.9918,0.7411,0.2161,0.95,MILD,NO_CONFLICT,0.5558,0.9427,0.75,STRONG SYCOPHANCY — low dominance (−25%),0.0929,HARMONY,1.0,17.96,17.96,0.3782,11,BUY,3.092,correct,✅,2024-11-06,2024-11-11,Win1:  Bull-PostElection  (Nov06→11-2024)
JNJ,0.0,0.0,0.0,0.02,Sideways,0.98,N/A,0.3715,OK,0.9083,0.7194,SIDEWAYS,1.0253,0.7177,0.9668,True,-0.6636,1.0,RSI,0.001364,0.2178,0.2106,0.291,0.95,MILD,NO_CONFLICT,0.158,0.9322,0.75,STRONG SYCOPHANCY — low dominance (−25%),0.4376,MODERATE,0.78,0.0,2.0,-0.2631,0,SELL,-1.799,noise_c,🔍✓,2024-11-06,2024-11-11,Win1:  Bull-PostElection  (Nov06→11-2024)
NFLX,0.9993,0.9993,0.0007,0.07,Bear,0.89,N/A,0.5391,MINOR,1.0092,0.4541,CHAOTIC,0.9655,0.6515,0.9874,True,0.0128,1.0,RSI,0.002433,0.9936,0.9811,0.6865,0.5,CRITICAL,MILD_ADJUST,0.6846,0.9383,0.75,STRONG SYCOPHANCY — low dominance (−25%),0.6265,MODERATE,0.69,5.26,5.26,0.4743,6,HOLD,3.234,hold,—,2024-11-06,2024-11-11,Win1:  Bull-PostElection  (Nov06→11-2024)
DIS,1.0,1.0,0.0,0.05,Sideways,0.98,N/A,0.3355,OK,0.9153,0.6828,SIDEWAYS,0.9655,0.6515,0.9404,True,0.0103,1.0,sma10_dist,0.001462,0.9928,0.9337,0.28,0.95,MILD,NO_CONFLICT,0.7003,0.9383,0.75,STRONG SYCOPHANCY — low dominance (−25%),0.2831,MILD,0.828,16.56,16.56,0.5504,17,BUY,1.992,noise_c,🔍✓,2024-11-06,2024-11-11,Win1:  Bull-PostElection  (Nov06→11-2024)
CRM,1.0,1.0,0.0,0.06,Sideways,0.94,N/A,0.3336,OK,1.009,0.455,CHAOTIC,0.9655,0.6515,0.9872,False,0.0052,0.72,sma20_dist,0.003661,0.9934,0.7061,0.279,0.95,MILD,NO_CONFLICT,0.5296,0.9383,0.75,STRONG SYCOPHANCY — low dominance (−25%),0.2828,MILD,0.9,12.58,12.58,0.2944,4,BUY,11.349,correct,✅,2024-11-06,2024-11-11,Win1:  Bull-PostElection  (Nov06→11-2024)
PLTR,0.0,0.0,0.0,0.2,Bear,0.89,N/A,0.5068,MINOR,1.0127,0.4367,CHAOTIC,0.9355,0.6182,0.9741,True,-0.0116,1.0,macd_norm,0.000822,0.183,0.1783,0.385,0.85,MODERATE,HOLD,0.2652,0.9653,0.65,EXTREME SYCOPHANCY — ensemble collapsed (−35%),0.5531,MODERATE,0.75,0.0,2.0,-0.2247,0,SELL,8.482,wrong,❌,2024-11-06,2024-11-11,Win1:  Bull-PostElection  (Nov06→11-2024)
AAPL,0.0,0.0,0.0,-0.1,Bear,0.86,N/A,0.3243,OK,1.012,0.44,CHAOTIC,1.0014,0.7713,1.0067,True,-0.6814,1.0,RSI,-0.001747,0.141,0.1533,0.195,1.0,HARMONY,NO_CONFLICT,0.0996,0.9653,0.65,EXTREME SYCOPHANCY — ensemble collapsed (−35%),0.1046,HARMONY,0.92,0.0,2.0,-0.5006,0,SELL,-4.356,correct,✅,2024-07-30,2024-08-05,Win2:  Bear-YenCrash      (Jul30→Aug05-2024)
MSFT,0.0,0.0,0.0,-0.09,Bear,0.64,N/A,0.4753,MINOR,0.9245,0.6342,SIDEWAYS,0.9654,0.6515,0.9449,True,-0.0417,1.0,RSI,-0.000558,0.1424,0.2631,0.198,1.0,HARMONY,NO_CONFLICT,0.1646,0.9653,0.65,EXTREME SYCOPHANCY — ensemble collapsed (−35%),0.1175,MILD,0.936,0.0,2.0,-0.3924,0,SELL,-6.566,correct,✅,2024-07-30,2024-08-05,Win2:  Bear-YenCrash      (Jul30→Aug05-2024)
NVDA,0.0001,0.0001,0.0001,-0.16,Bear,0.68,N/A,0.4499,MINOR,1.0087,0.4563,NEUTRAL,0.9355,0.6182,0.9721,True,-0.2365,1.0,log_return,0.003247,0.1326,0.2502,0.2298,0.95,MILD,NO_CONFLICT,0.1586,0.9653,0.65,EXTREME SYCOPHANCY — ensemble collapsed (−35%),0.1059,MILD,0.936,0.0,2.0,-0.4023,0,SELL,-3.162,correct,✅,2024-07-30,2024-08-05,Win2:  Bear-YenCrash      (Jul30→Aug05-2024)
TSLA,0.0,0.0,0.0,-0.12,Bear,0.73,N/A,0.9332,CRITICAL,1.0098,0.4509,CHAOTIC,0.9355,0.6182,0.9727,False,-0.0049,0.72,macd_norm,0.001028,0.1382,0.1045,0.289,0.95,MILD,SYSTEMIC_VETO,0.0204,0.9653,0.65,EXTREME SYCOPHANCY — ensemble collapsed (−35%),0.1084,MILD,0.936,0.0,2.0,-0.6326,0,SELL,-10.664,correct,✅,2024-07-30,2024-08-05,Win2:  Bear-YenCrash      (Jul30→Aug05-2024)
META,1.0,1.0,0.0,-0.08,Sideways,0.72,N/A,0.4597,MINOR,0.9849,0.5755,CHAOTIC,0.9355,0.6182,0.9602,True,0.0215,1.0,vol_change,0.002888,0.9791,0.9401,0.3347,0.95,MILD,MILD_ADJUST,0.6841,0.939,0.75,STRONG SYCOPHANCY — low dominance (−25%),0.4685,MODERATE,0.78,11.24,11.24,0.5261,2,BUY,2.707,correct,✅,2024-07-30,2024-08-05,Win2:  Bear-YenCrash      (Jul30→Aug05-2024)
GOOGL,0.0,0.0,0.0,-0.09,Bear,0.72,N/A,0.4193,MINOR,0.9804,0.598,CHAOTIC,0.9655,0.6515,0.9729,True,-0.4731,1.0,macd_norm,0.002481,0.1424,0.1496,0.198,1.0,HARMONY,NO_CONFLICT,0.1111,0.9477,0.75,STRONG SYCOPHANCY — low dominance (−25%),0.1127,MILD,0.828,0.0,2.0,-0.4814,0,SELL,-6.483,correct,✅,2024-07-30,2024-08-05,Win2:  Bear-YenCrash      (Jul30→Aug05-2024)
AMZN,0.0,0.0,0.0,-0.1,Bear,0.65,N/A,0.3969,OK,0.9168,0.6748,SIDEWAYS,0.9355,0.6182,0.9262,True,-0.6455,1.0,macd_norm,0.000528,0.141,0.2537,0.195,1.0,HARMONY,NO_CONFLICT,0.1903,0.9477,0.75,STRONG SYCOPHANCY — low dominance (−25%),0.1155,MILD,0.936,0.0,2.0,-0.3495,0,SELL,-11.386,correct,✅,2024-07-30,2024-08-05,Win2:  Bear-YenCrash      (Jul30→Aug05-2024)
AMD,0.0,0.0,0.0,-0.14,Bear,0.98,N/A,0.784,CRITICAL,1.0074,0.4631,CHAOTIC,0.9355,0.6182,0.9715,True,-0.0569,1.0,sma20_dist,-0.003621,0.1354,0.1421,0.2387,0.95,MILD,SYSTEMIC_VETO,0.0319,0.9477,0.75,STRONG SYCOPHANCY — low dominance (−25%),0.0958,HARMONY,1.04,0.0,2.0,-0.6134,0,SELL,-2.615,noise_c,🔍✓,2024-07-30,2024-08-05,Win2:  Bear-YenCrash      (Jul30→Aug05-2024)
INTC,0.0,0.0,0.0,-0.18,Bear,0.98,N/A,0.8827,CRITICAL,0.9118,0.701,SIDEWAYS,0.9355,0.6182,0.9237,False,-0.0016,0.72,sma50_dist,-0.002621,0.1298,0.0932,0.1905,1.0,HARMONY,SYSTEMIC_VETO,0.021,0.9477,0.75,STRONG SYCOPHANCY — low dominance (−25%),0.092,HARMONY,1.04,0.0,2.0,-0.6317,0,SELL,-33.256,correct,✅,2024-07-30,2024-08-05,Win2:  Bear-YenCrash      (Jul30→Aug05-2024)
ORCL,0.0,0.0,0.0,-0.06,Bear,0.51,N/A,0.3972,OK,1.007,0.4651,CHAOTIC,0.9355,0.6182,0.9712,True,-0.5184,1.0,vol_change,-0.000997,0.1466,0.3164,0.207,0.95,MILD,NO_CONFLICT,0.2373,0.9477,0.75,STRONG SYCOPHANCY — low dominance (−25%),0.2486,MILD,0.8611,0.0,2.0,-0.2712,0,SELL,-5.757,correct,✅,2024-07-30,2024-08-05,Win2:  Bear-YenCrash      (Jul30→Aug05-2024)
SPY,0.0026,0.0026,0.0026,-0.1,Sideways,0.76,N/A,0.3,OK,1.0113,0.4437,NEUTRAL,0.95,0.5,0.9807,True,-0.8244,1.0,RSI,-0.001432,0.202,0.1981,0.2735,0.95,MILD,NO_CONFLICT,0.1486,0.9114,0.75,STRONG SYCOPHANCY — low dominance (−25%),0.3559,MODERATE,0.75,0.0,2.0,-0.2771,0,SELL,-4.542,correct,✅,2024-07-30,2024-08-05,Win2:  Bear-YenCrash      (Jul30→Aug05-2024)
QQQ,0.0,0.0,0.0,-0.14,Sideways,0.97,N/A,0.3,OK,1.011,0.4451,CHAOTIC,0.95,0.5,0.9805,True,-0.1927,1.0,vol_change,-0.002142,0.1954,0.1916,0.271,0.95,MILD,NO_CONFLICT,0.1437,0.9009,0.75,STRONG SYCOPHANCY — low dominance (−25%),0.3556,MODERATE,0.69,0.0,2.0,-0.2845,0,SELL,-4.843,correct,✅,2024-07-30,2024-08-05,Win2:  Bear-YenCrash      (Jul30→Aug05-2024)
DIA,0.0,0.0,0.0,-0.09,Bull,0.98,N/A,0.3,OK,1.0071,0.4647,CHAOTIC,0.95,0.5,0.9786,True,-0.667,1.0,RSI,-0.000979,0.2474,0.2421,0.666,0.5,CRITICAL,NO_CONFLICT,0.1816,0.9009,0.75,STRONG SYCOPHANCY — low dominance (−25%),0.7122,CRITICAL,0.309,0.0,2.0,-0.1458,0,SELL,-5.056,correct,✅,2024-07-30,2024-08-05,Win2:  Bear-YenCrash      (Jul30→Aug05-2024)
IWM,0.0,0.0,0.0,-0.12,Bear,0.74,N/A,0.3,OK,1.0062,0.4688,CHAOTIC,0.95,0.5,0.9781,True,-0.0202,1.0,sma10_dist,-0.000966,0.1382,0.146,0.189,1.0,HARMONY,NO_CONFLICT,0.1095,0.9009,0.75,STRONG SYCOPHANCY — low dominance (−25%),0.1078,MILD,0.828,0.0,2.0,-0.4842,0,SELL,-9.152,correct,✅,2024-07-30,2024-08-05,Win2:  Bear-YenCrash      (Jul30→Aug05-2024)
JPM,0.0,0.0,0.0,-0.07,Sideways,0.94,N/A,0.3618,OK,0.9276,0.618,SIDEWAYS,0.9655,0.6515,0.9466,True,-0.9654,1.0,RSI,-0.001128,0.2052,0.1942,0.278,0.95,MILD,NO_CONFLICT,0.1457,0.9009,0.75,STRONG SYCOPHANCY — low dominance (−25%),0.3735,MODERATE,0.78,0.0,2.0,-0.2815,0,SELL,-9.429,correct,✅,2024-07-30,2024-08-05,Win2:  Bear-YenCrash      (Jul30→Aug05-2024)
BAC,0.0,0.0,0.0,-0.09,Bear,0.79,N/A,0.325,OK,1.0083,0.4587,CHAOTIC,0.9655,0.6515,0.9869,True,-0.3552,1.0,RSI,0.00225,0.1424,0.1518,0.198,1.0,HARMONY,NO_CONFLICT,0.1138,0.9009,0.75,STRONG SYCOPHANCY — low dominance (−25%),0.109,MILD,0.828,0.0,2.0,-0.4769,0,SELL,-11.216,correct,✅,2024-07-30,2024-08-05,Win2:  Bear-YenCrash      (Jul30→Aug05-2024)
GS,0.0,0.0,0.0,-0.08,Bear,0.93,N/A,0.3379,OK,0.9287,0.6123,SIDEWAYS,0.9355,0.6182,0.9321,True,-0.4682,1.0,RSI,0.00058,0.1438,0.1448,0.201,0.95,MILD,NO_CONFLICT,0.1086,0.9009,0.75,STRONG SYCOPHANCY — low dominance (−25%),0.1039,MILD,0.936,0.0,2.0,-0.4857,0,SELL,-9.225,correct,✅,2024-07-30,2024-08-05,Win2:  Bear-YenCrash      (Jul30→Aug05-2024)
V,0.0017,0.0017,0.0017,-0.07,Bear,0.91,N/A,0.3941,OK,0.9173,0.6721,SIDEWAYS,0.9654,0.6514,0.9414,True,-0.8152,1.0,vol_change,-0.001219,0.1459,0.1483,0.2043,0.95,MILD,NO_CONFLICT,0.1112,0.9205,0.75,STRONG SYCOPHANCY — low dominance (−25%),0.1026,MILD,0.936,0.0,2.0,-0.4813,0,SELL,-2.531,correct,✅,2024-07-30,2024-08-05,Win2:  Bear-YenCrash      (Jul30→Aug05-2024)
GLD,0.3382,0.3382,0.3382,0.08,Sideways,0.94,N/A,0.3,OK,0.9057,0.7332,SIDEWAYS,0.95,0.5,0.9278,True,-0.5772,1.0,sma10_dist,0.001484,0.3564,0.3307,0.1162,1.0,HARMONY,MILD_ADJUST,0.2108,0.9302,0.75,STRONG SYCOPHANCY — low dominance (−25%),0.5141,MODERATE,0.819,0.0,2.0,-0.1838,0,SELL,-0.018,noise_c,🔍✓,2024-07-30,2024-08-05,Win2:  Bear-YenCrash      (Jul30→Aug05-2024)
TLT,1.0,1.0,0.0,0.12,Sideways,0.98,N/A,0.3,OK,0.8996,0.7652,SIDEWAYS,0.95,0.5,0.9248,False,0.0044,0.72,sma20_dist,0.000926,0.9958,0.6631,0.273,0.95,MILD,NO_CONFLICT,0.4973,0.9365,0.75,STRONG SYCOPHANCY — low dominance (−25%),0.2124,MILD,0.8694,10.16,10.16,0.246,11,HOLD,5.625,hold,—,2024-07-30,2024-08-05,Win2:  Bear-YenCrash      (Jul30→Aug05-2024)
SLV,0.0023,0.0023,0.0023,-0.03,Bear,0.65,N/A,0.3,OK,0.9163,0.6774,SIDEWAYS,0.95,0.5,0.9331,True,-0.9439,1.0,vol_change,-0.00265,0.1517,0.2553,0.2164,0.95,MILD,NO_CONFLICT,0.1915,0.9319,0.75,STRONG SYCOPHANCY — low dominance (−25%),0.2918,MILD,0.945,0.0,2.0,-0.3475,0,SELL,-3.755,correct,✅,2024-07-30,2024-08-05,Win2:  Bear-YenCrash      (Jul30→Aug05-2024)
XOM,0.0,0.0,0.0,-0.06,Sideways,0.93,N/A,0.35,OK,0.9004,0.761,SIDEWAYS,0.9954,0.6847,0.9479,True,-0.7462,1.0,sma10_dist,0.000423,0.2066,0.1958,0.279,0.95,MILD,NO_CONFLICT,0.1469,0.9446,0.75,STRONG SYCOPHANCY — low dominance (−25%),0.5372,MODERATE,0.7875,0.0,2.0,-0.2797,0,SELL,-2.877,correct,✅,2024-07-30,2024-08-05,Win2:  Bear-YenCrash      (Jul30→Aug05-2024)
CVX,0.0,0.0,0.0,-0.05,Sideways,0.93,N/A,0.35,OK,0.9123,0.6986,SIDEWAYS,0.9953,0.6845,0.9538,True,-0.2704,1.0,vol_change,0.000729,0.208,0.1984,0.28,0.95,MILD,NO_CONFLICT,0.1488,0.9446,0.75,STRONG SYCOPHANCY — low dominance (−25%),0.5082,MODERATE,0.7245,0.0,2.0,-0.2768,0,SELL,-9.344,correct,✅,2024-07-30,2024-08-05,Win2:  Bear-YenCrash      (Jul30→Aug05-2024)
WMT,0.0,0.0,0.0,-0.02,Sideways,0.88,N/A,0.335,OK,1.01,0.4499,CHAOTIC,0.9,0.3,0.955,True,-0.426,1.0,RSI,-0.002192,0.2122,0.2027,0.283,0.95,MILD,NO_CONFLICT,0.152,0.9446,0.75,STRONG SYCOPHANCY — low dominance (−25%),0.4452,MODERATE,0.69,0.0,2.0,-0.272,0,SELL,-2.312,correct,✅,2024-07-30,2024-08-05,Win2:  Bear-YenCrash      (Jul30→Aug05-2024)
PG,1.0,1.0,0.0,0.01,Sideways,0.79,N/A,0.4664,MINOR,0.9177,0.6701,SIDEWAYS,1.0226,0.7088,0.9701,True,0.0236,1.0,RSI,0.003364,0.9901,0.9125,0.284,0.95,MILD,MILD_ADJUST,0.6616,0.9317,0.75,STRONG SYCOPHANCY — low dominance (−25%),0.2763,MILD,0.828,16.56,16.56,0.4925,10,BUY,3.933,correct,✅,2024-07-30,2024-08-05,Win2:  Bear-YenCrash      (Jul30→Aug05-2024)
JNJ,0.867,0.867,0.133,0.02,Sideways,0.82,N/A,0.3745,OK,0.9864,0.5682,CHAOTIC,0.9954,0.6845,0.9909,True,0.7511,1.0,RSI,0.001657,0.982,0.9244,0.2072,0.95,MILD,MILD_ADJUST,0.5894,0.9398,0.75,STRONG SYCOPHANCY — low dominance (−25%),0.3214,MODERATE,0.7875,14.36,14.36,0.384,9,BUY,-0.05,noise_w,🔍✗,2024-07-30,2024-08-05,Win2:  Bear-YenCrash      (Jul30→Aug05-2024)
NFLX,0.0004,0.0004,0.0004,-0.08,Sideways,0.98,N/A,0.55,MINOR,0.9872,0.5641,NEUTRAL,0.9655,0.6515,0.9764,True,-0.2793,1.0,vol_change,-0.001109,0.204,0.1991,0.2768,0.95,MILD,NO_CONFLICT,0.1381,0.9335,0.75,STRONG SYCOPHANCY — low dominance (−25%),0.3708,MODERATE,0.75,0.0,2.0,-0.2928,0,SELL,-3.86,correct,✅,2024-07-30,2024-08-05,Win2:  Bear-YenCrash      (Jul30→Aug05-2024)
DIS,0.0,0.0,0.0,-0.07,Sideways,0.94,N/A,0.3367,OK,1.0106,0.4472,CHAOTIC,0.9655,0.6515,0.988,True,-0.0157,1.0,log_return,-0.002214,0.2052,0.2027,0.278,0.95,MILD,NO_CONFLICT,0.152,0.9335,0.75,STRONG SYCOPHANCY — low dominance (−25%),0.3735,MODERATE,0.69,0.0,2.0,-0.272,0,SELL,-6.408,correct,✅,2024-07-30,2024-08-05,Win2:  Bear-YenCrash      (Jul30→Aug05-2024)
CRM,0.0,0.0,0.0,-0.09,Bear,0.98,N/A,0.3315,OK,1.0085,0.4574,CHAOTIC,0.9655,0.6515,0.987,True,-0.4671,1.0,RSI,-0.000978,0.1424,0.1518,0.198,1.0,HARMONY,NO_CONFLICT,0.1138,0.9335,0.75,STRONG SYCOPHANCY — low dominance (−25%),0.1009,HARMONY,0.92,0.0,2.0,-0.4769,0,SELL,-7.335,correct,✅,2024-07-30,2024-08-05,Win2:  Bear-YenCrash      (Jul30→Aug05-2024)
PLTR,1.0,1.0,0.0,-0.1,Sideways,0.77,N/A,0.5068,MINOR,0.9902,0.5489,CHAOTIC,0.9355,0.6182,0.9628,False,0.0052,0.72,sma50_dist,0.002079,0.9755,0.6763,0.338,0.95,MILD,MILD_ADJUST,0.4801,0.9485,0.75,STRONG SYCOPHANCY — low dominance (−25%),0.472,MODERATE,0.78,4.92,4.92,0.2202,18,HOLD,-8.646,hold,—,2024-07-30,2024-08-05,Win2:  Bear-YenCrash      (Jul30→Aug05-2024)
AAPL,0.0,0.0,0.0,0.04,Sideways,0.98,N/A,0.3214,OK,1.0121,0.4395,NEUTRAL,1.0552,0.7508,1.0336,True,-0.0694,1.0,vol_change,-0.001146,0.2206,0.228,0.297,0.95,MILD,NO_CONFLICT,0.1482,0.955,0.65,EXTREME SYCOPHANCY — ensemble collapsed (−35%),0.4642,MODERATE,0.69,0.0,2.0,-0.2777,0,SELL,-1.886,noise_c,🔍✓,2025-01-13,2025-01-17,Win3:  Sideways-Mixed     (Jan13→17-2025)
MSFT,1.0,1.0,0.0,0.08,Sideways,0.86,N/A,0.4709,MINOR,0.9178,0.6693,SIDEWAYS,1.0554,0.7512,0.9866,False,0.0003,0.72,sma10_dist,0.001959,0.9944,0.7063,0.277,0.95,MILD,MILD_ADJUST,0.511,0.9371,0.75,STRONG SYCOPHANCY — low dominance (−25%),0.2037,MILD,0.828,10.48,10.48,0.2665,2,HOLD,2.838,hold,—,2025-01-13,2025-01-17,Win3:  Sideways-Mixed     (Jan13→17-2025)
NVDA,1.0,1.0,0.0,0.12,Bear,0.98,N/A,0.4456,MINOR,0.9003,0.7615,SIDEWAYS,0.9655,0.6515,0.9329,True,0.0117,1.0,sma10_dist,-0.000844,0.9957,0.9289,0.6877,0.5,CRITICAL,MILD_ADJUST,0.6808,0.9371,0.75,STRONG SYCOPHANCY — low dominance (−25%),0.6354,MODERATE,0.75,5.14,5.14,0.468,3,HOLD,3.363,hold,—,2025-01-13,2025-01-17,Win3:  Sideways-Mixed     (Jan13→17-2025)
TSLA,1.0,1.0,0.0,0.1,Sideways,0.83,N/A,0.9416,CRITICAL,1.0118,0.4408,NEUTRAL,0.9355,0.6182,0.9737,False,0.002,0.72,sma10_dist,0.004247,0.9952,0.6976,0.3611,0.85,MODERATE,MILD_ADJUST,0.467,0.9371,0.75,STRONG SYCOPHANCY — low dominance (−25%),0.198,MILD,0.828,3.53,3.53,0.2004,0,HOLD,5.75,hold,—,2025-01-13,2025-01-17,Win3:  Sideways-Mixed     (Jan13→17-2025)
META,0.9998,0.9998,0.0002,0.09,Sideways,0.875,N/A,0.4655,MINOR,0.9217,0.6487,SIDEWAYS,0.9,0.3,0.9108,False,0.0045,0.72,sma50_dist,0.00216,0.9948,0.6524,0.2759,0.95,MILD,MILD_ADJUST,0.4733,0.9371,0.75,STRONG SYCOPHANCY — low dominance (−25%),0.2044,MILD,0.9,7.97,7.97,0.2099,1,HOLD,0.73,hold,—,2025-01-13,2025-01-17,Win3:  Sideways-Mixed     (Jan13→17-2025)
GOOGL,0.9888,0.9888,0.0112,0.07,Sideways,0.885,N/A,0.4228,MINOR,0.9193,0.6616,SIDEWAYS,1.0255,0.7182,0.9724,False,-0.0044,0.72,RSI,0.002059,0.9936,0.6956,0.2716,0.95,MILD,NO_CONFLICT,0.5158,0.931,0.75,STRONG SYCOPHANCY — low dominance (−25%),0.2138,MILD,0.9,9.77,9.77,0.2737,5,HOLD,2.612,hold,—,2025-01-13,2025-01-17,Win3:  Sideways-Mixed     (Jan13→17-2025)
AMZN,0.9999,0.9999,0.0001,0.07,Sideways,0.845,N/A,0.3987,OK,1.0088,0.456,NEUTRAL,1.0255,0.7182,1.0171,True,0.0107,1.0,log_return,0.002499,0.9939,1.0,0.2779,0.95,MILD,NO_CONFLICT,0.75,0.9357,0.75,STRONG SYCOPHANCY — low dominance (−25%),0.2031,MILD,0.9,18.0,18.0,0.625,8,BUY,3.424,correct,✅,2025-01-13,2025-01-17,Win3:  Sideways-Mixed     (Jan13→17-2025)
AMD,1.0,1.0,0.0,0.06,Bear,0.98,N/A,0.7949,CRITICAL,1.0094,0.4528,NEUTRAL,0.9655,0.6515,0.9875,False,0.0099,0.72,sma50_dist,-0.000453,0.9931,0.7061,0.6858,0.5,CRITICAL,MILD_ADJUST,0.4249,0.9357,0.75,STRONG SYCOPHANCY — low dominance (−25%),0.7571,HIGH,0.55,0.38,0.38,0.0416,0,HOLD,3.529,hold,—,2025-01-13,2025-01-17,Win3:  Sideways-Mixed     (Jan13→17-2025)
INTC,0.9998,0.9998,0.0002,0.08,Bear,0.98,N/A,0.8974,CRITICAL,0.9887,0.5564,NEUTRAL,0.9655,0.6515,0.9771,False,0.008,0.72,sma10_dist,-0.00337,0.9941,0.6994,0.6797,0.5,CRITICAL,MILD_ADJUST,0.4196,0.9357,0.75,STRONG SYCOPHANCY — low dominance (−25%),0.6456,MODERATE,0.69,0.4,0.4,0.0327,2,HOLD,11.927,hold,—,2025-01-13,2025-01-17,Win3:  Sideways-Mixed     (Jan13→17-2025)
ORCL,1.0,1.0,0.0,0.08,Bear,0.98,N/A,0.4069,MINOR,0.9797,0.6013,CHAOTIC,0.9355,0.6182,0.9576,False,0.0018,0.72,sma10_dist,0.001945,0.9941,0.6854,0.667,0.5,CRITICAL,NO_CONFLICT,0.5123,0.9357,0.75,STRONG SYCOPHANCY — low dominance (−25%),0.6453,MODERATE,0.69,3.19,3.19,0.1872,2,HOLD,4.619,hold,—,2025-01-13,2025-01-17,Win3:  Sideways-Mixed     (Jan13→17-2025)
SPY,1.0,1.0,0.0,0.06,Sideways,0.98,N/A,0.3,OK,0.9163,0.6773,SIDEWAYS,0.95,0.5,0.9331,True,0.0192,1.0,RSI,0.001992,0.9934,0.927,0.279,0.95,MILD,NO_CONFLICT,0.6953,0.9357,0.75,STRONG SYCOPHANCY — low dominance (−25%),0.2853,MILD,0.7038,14.08,14.08,0.5429,2,BUY,2.785,correct,✅,2025-01-13,2025-01-17,Win3:  Sideways-Mixed     (Jan13→17-2025)
QQQ,1.0,1.0,0.0,0.08,Sideways,0.98,N/A,0.3,OK,0.928,0.6158,SIDEWAYS,0.95,0.5,0.939,False,0.0001,0.72,RSI,0.001705,0.9944,0.6723,0.277,0.95,MILD,NO_CONFLICT,0.5042,0.9357,0.75,STRONG SYCOPHANCY — low dominance (−25%),0.2167,MILD,0.765,9.31,9.31,0.2563,1,HOLD,3.2,hold,—,2025-01-13,2025-01-17,Win3:  Sideways-Mixed     (Jan13→17-2025)
DIA,1.0,1.0,0.0,0.05,Sideways,0.93,N/A,0.3,OK,0.9275,0.6185,SIDEWAYS,0.95,0.5,0.9387,True,0.0116,1.0,RSI,0.001495,0.9928,0.932,0.28,0.95,MILD,NO_CONFLICT,0.699,0.9357,0.75,STRONG SYCOPHANCY — low dominance (−25%),0.2807,MILD,0.765,15.3,15.3,0.5485,3,BUY,2.819,correct,✅,2025-01-13,2025-01-17,Win3:  Sideways-Mixed     (Jan13→17-2025)
IWM,1.0,1.0,0.0,0.09,Sideways,0.77,N/A,0.3,OK,0.9124,0.6978,SIDEWAYS,0.95,0.5,0.9312,False,0.001,0.72,RSI,0.000775,0.9948,0.667,0.276,0.95,MILD,NO_CONFLICT,0.5003,0.9357,0.75,STRONG SYCOPHANCY — low dominance (−25%),0.1915,MILD,0.765,9.1,9.1,0.2504,4,HOLD,3.779,hold,—,2025-01-13,2025-01-17,Win3:  Sideways-Mixed     (Jan13→17-2025)
JPM,1.0,1.0,0.0,0.12,Sideways,0.94,N/A,0.3684,OK,1.0056,0.4718,CHAOTIC,0.9655,0.6515,0.9856,False,0.0043,0.72,sma10_dist,0.003821,0.9958,0.7066,0.273,0.95,MILD,NO_CONFLICT,0.53,0.9357,0.75,STRONG SYCOPHANCY — low dominance (−25%),0.2083,MILD,0.7956,11.15,11.15,0.2949,4,BUY,6.122,correct,✅,2025-01-13,2025-01-17,Win3:  Sideways-Mixed     (Jan13→17-2025)
BAC,1.0,1.0,0.0,0.1,Sideways,0.98,N/A,0.3284,OK,0.9831,0.5845,CHAOTIC,0.9955,0.6848,0.9893,False,0.0098,0.72,sma20_dist,-0.000616,0.9952,0.7088,0.275,0.95,MILD,NO_CONFLICT,0.5316,0.9357,0.75,STRONG SYCOPHANCY — low dominance (−25%),0.2145,MILD,0.765,10.81,10.81,0.2974,24,BUY,3.262,correct,✅,2025-01-13,2025-01-17,Win3:  Sideways-Mixed     (Jan13→17-2025)
GS,1.0,1.0,0.0,0.14,Sideways,0.75,N/A,0.3402,OK,0.9874,0.5631,CHAOTIC,0.9355,0.6182,0.9615,True,0.1621,1.0,sma10_dist,-0.00171,0.9964,0.958,0.271,0.95,MILD,NO_CONFLICT,0.7185,0.9357,0.75,STRONG SYCOPHANCY — low dominance (−25%),0.1837,MILD,0.765,15.3,15.3,0.5777,2,BUY,11.189,correct,✅,2025-01-13,2025-01-17,Win3:  Sideways-Mixed     (Jan13→17-2025)
V,1.0,1.0,0.0,0.07,Sideways,0.98,N/A,0.3975,OK,1.0088,0.4559,CHAOTIC,0.9654,0.6515,0.9871,False,0.0024,0.72,RSI,0.001321,0.9939,0.7064,0.278,0.95,MILD,NO_CONFLICT,0.5298,0.9357,0.75,STRONG SYCOPHANCY — low dominance (−25%),0.2179,MILD,0.7956,11.14,11.14,0.2947,3,BUY,4.138,correct,✅,2025-01-13,2025-01-17,Win3:  Sideways-Mixed     (Jan13→17-2025)
GLD,1.0,1.0,0.0,0.06,Sideways,0.98,N/A,0.3,OK,0.9158,0.6801,SIDEWAYS,0.95,0.5,0.9329,True,0.0106,1.0,RSI,0.00251,0.9934,0.9267,0.279,0.95,MILD,NO_CONFLICT,0.695,0.9357,0.75,STRONG SYCOPHANCY — low dominance (−25%),0.2853,MILD,0.9,18.0,18.0,0.5425,7,BUY,1.436,noise_c,🔍✓,2025-01-13,2025-01-17,Win3:  Sideways-Mixed     (Jan13→17-2025)
TLT,1.0,1.0,0.0,-0.04,Bull,0.94,N/A,0.3,OK,0.9191,0.6628,SIDEWAYS,0.95,0.5,0.9345,True,0.0636,1.0,sma20_dist,0.001998,0.9853,0.8748,0.237,0.95,MILD,NO_CONFLICT,0.6561,0.9357,0.75,STRONG SYCOPHANCY — low dominance (−25%),0.0677,HARMONY,1.03,20.0,20.0,0.5185,24,BUY,2.06,correct,✅,2025-01-13,2025-01-17,Win3:  Sideways-Mixed     (Jan13→17-2025)
SLV,1.0,1.0,0.0,0.03,Bear,0.98,N/A,0.3,OK,0.9279,0.6162,SIDEWAYS,0.95,0.5,0.9389,True,0.0132,1.0,vol_change,0.00275,0.9912,0.8842,0.672,0.5,CRITICAL,NO_CONFLICT,0.6632,0.9357,0.75,STRONG SYCOPHANCY — low dominance (−25%),0.6724,HIGH,0.572,5.72,5.72,0.4386,21,HOLD,2.411,hold,—,2025-01-13,2025-01-17,Win3:  Sideways-Mixed     (Jan13→17-2025)
XOM,0.9998,0.9998,0.0002,0.05,Sideways,0.88,N/A,0.35,OK,1.0092,0.4541,CHAOTIC,0.9654,0.6515,0.9873,True,0.0161,1.0,RSI,0.002941,0.9928,0.9802,0.2799,0.95,MILD,NO_CONFLICT,0.7351,0.9357,0.75,STRONG SYCOPHANCY — low dominance (−25%),0.2784,MILD,0.828,16.56,16.56,0.6027,15,BUY,2.772,correct,✅,2025-01-13,2025-01-17,Win3:  Sideways-Mixed     (Jan13→17-2025)
CVX,0.4886,0.4886,0.4886,0.04,Sideways,0.93,N/A,0.35,OK,0.9038,0.7434,SIDEWAYS,0.9653,0.6512,0.9345,True,-0.434,1.0,RSI,-0.001743,0.5481,0.5122,0.0185,1.0,HARMONY,MILD_ADJUST,0.3266,0.9147,0.75,STRONG SYCOPHANCY — low dominance (−25%),0.0,HARMONY,1.0,0.0,2.0,-0.0102,0,SELL,3.94,wrong,❌,2025-01-13,2025-01-17,Win3:  Sideways-Mixed     (Jan13→17-2025)
WMT,0.9065,0.9065,0.0935,0.05,Sideways,0.77,N/A,0.3355,OK,0.9888,0.5558,NEUTRAL,0.9654,0.6512,0.9771,True,-0.0793,1.0,RSI,0.002374,0.9888,0.9661,0.2267,0.95,MILD,MILD_ADJUST,0.6616,0.9229,0.75,STRONG SYCOPHANCY — low dominance (−25%),0.3531,MODERATE,0.78,15.6,15.6,0.4924,17,BUY,0.448,noise_c,🔍✓,2025-01-13,2025-01-17,Win3:  Sideways-Mixed     (Jan13→17-2025)
PG,1.0,1.0,0.0,0.03,Sideways,0.82,N/A,0.4697,MINOR,0.931,0.6,SIDEWAYS,0.9353,0.6177,0.9332,True,0.0284,1.0,RSI,0.001709,0.9916,0.879,0.282,0.95,MILD,MILD_ADJUST,0.6363,0.9457,0.75,STRONG SYCOPHANCY — low dominance (−25%),0.2758,MILD,0.9,18.0,18.0,0.4545,11,BUY,1.442,noise_c,🔍✓,2025-01-13,2025-01-17,Win3:  Sideways-Mixed     (Jan13→17-2025)
JNJ,0.9999,0.9999,0.0001,0.03,Sideways,0.94,N/A,0.3753,OK,1.011,0.445,NEUTRAL,0.9348,0.616,0.9729,True,0.1145,1.0,sma20_dist,0.000988,0.9916,0.9165,0.282,0.95,MILD,NO_CONFLICT,0.6874,0.9457,0.75,STRONG SYCOPHANCY — low dominance (−25%),0.279,MILD,0.9,18.0,18.0,0.5311,12,BUY,1.772,noise_c,🔍✓,2025-01-13,2025-01-17,Win3:  Sideways-Mixed     (Jan13→17-2025)
NFLX,1.0,1.0,0.0,0.09,Sideways,0.81,N/A,0.5533,MINOR,1.0118,0.4409,NEUTRAL,0.9655,0.6515,0.9887,False,0.003,0.72,log_return,0.001892,0.9948,0.7081,0.276,0.95,MILD,NO_CONFLICT,0.5271,0.9457,0.75,STRONG SYCOPHANCY — low dominance (−25%),0.1966,MILD,0.9,12.15,12.15,0.2907,14,BUY,2.12,noise_c,🔍✓,2025-01-13,2025-01-17,Win3:  Sideways-Mixed     (Jan13→17-2025)
DIS,0.9978,0.9978,0.0022,0.04,Sideways,0.57,N/A,0.3347,OK,1.0118,0.441,CHAOTIC,1.0254,0.7181,1.0186,False,0.0004,0.72,log_return,0.001983,0.9922,0.5517,0.2798,0.95,MILD,NO_CONFLICT,0.4138,0.9427,0.75,STRONG SYCOPHANCY — low dominance (−25%),0.2656,MILD,0.936,5.36,5.36,0.1207,5,HOLD,-0.981,hold,—,2025-01-13,2025-01-17,Win3:  Sideways-Mixed     (Jan13→17-2025)
CRM,1.0,1.0,0.0,0.07,Sideways,0.81,N/A,0.3294,OK,0.9904,0.548,NEUTRAL,0.9655,0.6515,0.9779,False,0.0012,0.72,RSI,0.001172,0.9939,0.6998,0.278,0.95,MILD,NO_CONFLICT,0.5249,0.9017,0.75,STRONG SYCOPHANCY — low dominance (−25%),0.1989,MILD,0.9,12.28,12.28,0.2873,3,BUY,1.721,noise_c,🔍✓,2025-01-13,2025-01-17,Win3:  Sideways-Mixed     (Jan13→17-2025)
PLTR,1.0,1.0,0.0,0.15,Sideways,0.83,N/A,0.502,MINOR,1.012,0.4398,CHAOTIC,0.9355,0.6182,0.9738,False,0.0017,0.72,log_return,0.00176,0.9966,0.6987,0.3315,0.95,MILD,MILD_ADJUST,0.4973,0.9017,0.75,STRONG SYCOPHANCY — low dominance (−25%),0.1929,MILD,0.936,5.47,5.47,0.246,8,HOLD,10.449,hold,—,2025-01-13,2025-01-17,Win3:  Sideways-Mixed     (Jan13→17-2025)
AAPL,0.0,0.0,0.0,-0.18,Bear,0.98,N/A,0.3193,OK,0.904,0.7422,SIDEWAYS,0.9655,0.6515,0.9347,True,-0.1411,1.0,sma50_dist,-0.001006,0.1298,0.131,0.171,1.0,HARMONY,NO_CONFLICT,0.0983,0.8852,0.75,STRONG SYCOPHANCY — low dominance (−25%),0.092,HARMONY,1.04,0.0,2.0,-0.5029,0,SELL,-18.951,correct,✅,2025-04-02,2025-04-07,Win4:  Bear-TariffShock   (Apr02→07-2025)
MSFT,0.9982,0.9982,0.0018,-0.14,Bear,0.98,N/A,0.4761,MINOR,1.007,0.4648,CHAOTIC,0.9655,0.6515,0.9862,True,0.0912,1.0,RSI,-0.000595,0.9652,0.5484,0.6876,0.5,CRITICAL,HOLD,0.329,0.9415,0.75,STRONG SYCOPHANCY — low dominance (−25%),0.6894,CRITICAL,0.312,0.0,0.0,-0.1183,0,HOLD,-6.354,hold,—,2025-04-02,2025-04-07,Win4:  Bear-TariffShock   (Apr02→07-2025)
NVDA,0.996,0.996,0.004,-0.16,Bear,0.98,N/A,0.4487,MINOR,0.9119,0.7008,SIDEWAYS,0.9355,0.6182,0.9237,True,0.6596,1.0,sma50_dist,0.001173,0.9595,0.5117,0.7292,0.5,CRITICAL,HOLD,0.2661,0.9599,0.65,EXTREME SYCOPHANCY — ensemble collapsed (−35%),0.689,HIGH,0.506,0.0,0.0,-0.2232,0,HOLD,-11.574,hold,—,2025-04-02,2025-04-07,Win4:  Bear-TariffShock   (Apr02→07-2025)
TSLA,0.0,0.0,0.0,-0.22,Bear,0.68,N/A,0.948,CRITICAL,1.0111,0.4445,NEUTRAL,0.9355,0.6182,0.9733,True,-0.1169,1.0,log_return,-0.003616,0.1242,0.2445,0.259,0.95,MILD,SYSTEMIC_VETO,0.0551,0.9388,0.75,STRONG SYCOPHANCY — low dominance (−25%),0.0996,HARMONY,0.92,0.0,2.0,-0.5749,0,SELL,-17.495,correct,✅,2025-04-02,2025-04-07,Win4:  Bear-TariffShock   (Apr02→07-2025)
META,0.9311,0.9311,0.0689,-0.17,Bear,0.98,N/A,0.4764,MINOR,0.9149,0.6846,SIDEWAYS,0.9655,0.6515,0.9402,True,-0.0645,1.0,vol_change,-0.003225,0.942,0.5199,0.6632,0.5,CRITICAL,HOLD,0.312,0.8941,0.75,STRONG SYCOPHANCY — low dominance (−25%),0.718,HIGH,0.572,0.0,0.0,-0.1467,0,HOLD,-11.59,hold,—,2025-04-02,2025-04-07,Win4:  Bear-TariffShock   (Apr02→07-2025)
GOOGL,0.9968,0.9968,0.0032,-0.15,Bear,0.98,N/A,0.4388,MINOR,1.0118,0.4411,NEUTRAL,0.9655,0.6515,0.9887,True,0.0947,1.0,sma20_dist,-0.000956,0.9623,0.5487,0.6932,0.5,CRITICAL,HOLD,0.3951,0.8268,0.9,MODERATE SYCOPHANCY — low LSTM dominance (−10%),0.6897,HIGH,0.506,0.0,0.0,-0.0082,0,HOLD,-6.552,hold,—,2025-04-02,2025-04-07,Win4:  Bear-TariffShock   (Apr02→07-2025)
AMZN,0.0,0.0,0.0,-0.19,Bear,0.98,N/A,0.4115,MINOR,1.0134,0.4332,NEUTRAL,0.9655,0.6515,0.9895,True,-0.8928,1.0,sma20_dist,-0.002542,0.1284,0.1372,0.1714,1.0,HARMONY,NO_CONFLICT,0.1228,0.7877,0.9,MODERATE SYCOPHANCY — low LSTM dominance (−10%),0.0911,HARMONY,0.92,0.0,2.0,-0.4621,0,SELL,-10.586,correct,✅,2025-04-02,2025-04-07,Win4:  Bear-TariffShock   (Apr02→07-2025)
AMD,0.0,0.0,0.0,-0.17,Bear,0.98,N/A,0.8214,CRITICAL,0.9228,0.643,SIDEWAYS,0.9355,0.6182,0.9291,True,-0.0277,1.0,log_return,-0.002815,0.1312,0.1317,0.2024,0.95,MILD,SYSTEMIC_VETO,0.0355,0.7877,0.9,MODERATE SYCOPHANCY — low LSTM dominance (−10%),0.0929,HARMONY,1.04,0.0,2.0,-0.6074,0,SELL,-18.765,correct,✅,2025-04-02,2025-04-07,Win4:  Bear-TariffShock   (Apr02→07-2025)
INTC,0.0,0.0,0.0,-0.13,Bear,0.98,N/A,0.9146,CRITICAL,0.9141,0.689,SIDEWAYS,0.9655,0.6515,0.9398,True,-0.0218,1.0,sma10_dist,-0.002148,0.1368,0.1388,0.2608,0.95,MILD,SYSTEMIC_VETO,0.0375,0.7877,0.9,MODERATE SYCOPHANCY — low LSTM dominance (−10%),0.0968,HARMONY,1.092,0.0,2.0,-0.6041,0,SELL,-10.965,correct,✅,2025-04-02,2025-04-07,Win4:  Bear-TariffShock   (Apr02→07-2025)
ORCL,0.0,0.0,0.0,-0.1,Bear,0.98,N/A,0.4159,MINOR,0.9157,0.6803,SIDEWAYS,0.9355,0.6182,0.9256,True,-0.5897,1.0,sma20_dist,-0.00343,0.141,0.141,0.2279,0.95,MILD,NO_CONFLICT,0.1258,0.7877,0.9,MODERATE SYCOPHANCY — low LSTM dominance (−10%),0.0999,HARMONY,1.04,0.0,2.0,-0.457,0,SELL,-12.82,correct,✅,2025-04-02,2025-04-07,Win4:  Bear-TariffShock   (Apr02→07-2025)
SPY,0.0,0.0,0.0,-0.18,Sideways,0.82,N/A,0.3,OK,0.9886,0.557,CHAOTIC,0.95,0.5,0.9693,True,-0.1226,1.0,sma20_dist,-0.002718,0.1898,0.184,0.267,0.95,MILD,NO_CONFLICT,0.1656,0.7877,0.9,MODERATE SYCOPHANCY — low LSTM dominance (−10%),0.3409,MODERATE,0.819,0.0,2.0,-0.2516,0,SELL,-10.653,correct,✅,2025-04-02,2025-04-07,Win4:  Bear-TariffShock   (Apr02→07-2025)
QQQ,0.0,0.0,0.0,-0.2,Bear,0.98,N/A,0.3,OK,1.0067,0.4667,CHAOTIC,0.95,0.5,0.9783,True,-0.0672,1.0,vol_change,-0.001452,0.127,0.1342,0.165,1.0,HARMONY,NO_CONFLICT,0.1208,0.7877,0.9,MODERATE SYCOPHANCY — low LSTM dominance (−10%),0.0903,HARMONY,1.0,0.0,2.0,-0.4654,0,SELL,-11.018,correct,✅,2025-04-02,2025-04-07,Win4:  Bear-TariffShock   (Apr02→07-2025)
DIA,0.0,0.0,0.0,-0.16,Sideways,0.74,N/A,0.3,OK,0.9855,0.5727,CHAOTIC,0.95,0.5,0.9677,True,-0.2967,1.0,RSI,-0.001898,0.1926,0.1864,0.269,0.95,MILD,NO_CONFLICT,0.1678,0.7877,0.9,MODERATE SYCOPHANCY — low LSTM dominance (−10%),0.3428,MODERATE,0.78,0.0,2.0,-0.2484,0,SELL,-10.061,correct,✅,2025-04-02,2025-04-07,Win4:  Bear-TariffShock   (Apr02→07-2025)
IWM,0.0,0.0,0.0,-0.2,Sideways,0.9,N/A,0.3,OK,1.0108,0.4458,CHAOTIC,0.95,0.5,0.9804,True,-0.4495,1.0,RSI,-0.002244,0.187,0.1833,0.265,0.95,MILD,NO_CONFLICT,0.165,0.7877,0.9,MODERATE SYCOPHANCY — low LSTM dominance (−10%),0.3393,MODERATE,0.75,0.0,2.0,-0.2525,0,SELL,-11.403,correct,✅,2025-04-02,2025-04-07,Win4:  Bear-TariffShock   (Apr02→07-2025)
JPM,0.0,0.0,0.0,-0.12,Bear,0.74,N/A,0.3738,OK,0.9273,0.6196,SIDEWAYS,0.9655,0.6515,0.9464,True,-0.2553,1.0,RSI,-0.00189,0.1382,0.1413,0.189,1.0,HARMONY,NO_CONFLICT,0.1272,0.7877,0.9,MODERATE SYCOPHANCY — low LSTM dominance (−10%),0.1078,MILD,0.9,0.0,2.0,-0.4547,0,SELL,-12.228,correct,✅,2025-04-02,2025-04-07,Win4:  Bear-TariffShock   (Apr02→07-2025)
BAC,0.0005,0.0005,0.0005,-0.14,Bear,0.71,N/A,0.3294,OK,0.9896,0.5521,CHAOTIC,0.9655,0.6515,0.9776,True,-0.0846,1.0,sma20_dist,-0.001342,0.1356,0.1432,0.1831,1.0,HARMONY,NO_CONFLICT,0.1289,0.7877,0.9,MODERATE SYCOPHANCY — low LSTM dominance (−10%),0.1059,MILD,0.936,0.0,2.0,-0.4519,0,SELL,-14.982,correct,✅,2025-04-02,2025-04-07,Win4:  Bear-TariffShock   (Apr02→07-2025)
GS,0.0,0.0,0.0,-0.11,Bear,0.77,N/A,0.3423,OK,0.9204,0.6558,SIDEWAYS,0.9655,0.6515,0.9429,True,-0.0954,1.0,sma20_dist,-0.002141,0.1396,0.1422,0.2021,0.95,MILD,NO_CONFLICT,0.128,0.7877,0.9,MODERATE SYCOPHANCY — low LSTM dominance (−10%),0.1075,MILD,0.936,0.0,2.0,-0.4534,0,SELL,-17.331,correct,✅,2025-04-02,2025-04-07,Win4:  Bear-TariffShock   (Apr02→07-2025)
V,0.0,0.0,0.0,-0.12,Bear,0.8,N/A,0.4,OK,0.984,0.5801,CHAOTIC,0.9654,0.6513,0.9747,True,-0.4436,1.0,RSI,-0.001343,0.1382,0.1455,0.189,1.0,HARMONY,NO_CONFLICT,0.1309,0.7877,0.9,MODERATE SYCOPHANCY — low LSTM dominance (−10%),0.1049,MILD,0.936,0.0,2.0,-0.4484,0,SELL,-9.82,correct,✅,2025-04-02,2025-04-07,Win4:  Bear-TariffShock   (Apr02→07-2025)
GLD,0.048,0.048,0.048,0.08,Sideways,0.85,N/A,0.3,OK,1.0137,0.4316,NEUTRAL,0.95,0.5,0.9819,True,-0.8355,1.0,sma10_dist,-0.001798,0.2447,0.2403,0.2816,0.95,MILD,NO_CONFLICT,0.2163,0.7818,0.9,MODERATE SYCOPHANCY — low LSTM dominance (−10%),0.558,MODERATE,0.78,0.0,2.0,-0.1756,0,SELL,-5.015,correct,✅,2025-04-02,2025-04-07,Win4:  Bear-TariffShock   (Apr02→07-2025)
TLT,0.0001,0.0001,0.0001,0.12,Bull,0.98,N/A,0.3,OK,0.9168,0.675,SIDEWAYS,0.95,0.5,0.9334,True,-0.9178,1.0,RSI,-0.002164,0.2769,0.2584,0.6869,0.5,CRITICAL,ALIGN_BULL,0.4536,0.753,0.9,MODERATE SYCOPHANCY — low LSTM dominance (−10%),0.7573,CRITICAL,0.2843,1.67,1.67,0.235,1,HOLD,-1.509,hold,—,2025-04-02,2025-04-07,Win4:  Bear-TariffShock   (Apr02→07-2025)
SLV,0.0,0.0,0.0,-0.02,Sideways,0.88,N/A,0.3,OK,1.0091,0.4543,NEUTRAL,0.95,0.5,0.9796,True,-0.2767,1.0,sma20_dist,-0.001808,0.2122,0.2079,0.283,0.95,MILD,NO_CONFLICT,0.1871,0.753,0.9,MODERATE SYCOPHANCY — low LSTM dominance (−10%),0.4452,MODERATE,0.69,0.0,2.0,-0.2193,0,SELL,-11.769,correct,✅,2025-04-02,2025-04-07,Win4:  Bear-TariffShock   (Apr02→07-2025)
XOM,0.0,0.0,0.0,-0.14,Bear,0.68,N/A,0.35,OK,0.9169,0.6744,SIDEWAYS,0.9655,0.6515,0.9412,True,-0.1748,1.0,RSI,-0.001101,0.1354,0.2442,0.183,1.0,HARMONY,NO_CONFLICT,0.2198,0.753,0.9,MODERATE SYCOPHANCY — low LSTM dominance (−10%),0.1086,MILD,0.828,0.0,2.0,-0.3004,0,SELL,-13.255,correct,✅,2025-04-02,2025-04-07,Win4:  Bear-TariffShock   (Apr02→07-2025)
CVX,0.0,0.0,0.0,-0.13,Sideways,0.85,N/A,0.35,OK,0.9926,0.5369,NEUTRAL,0.9655,0.6515,0.979,True,-0.2931,1.0,sma10_dist,-0.00133,0.1968,0.1927,0.272,0.95,MILD,NO_CONFLICT,0.1734,0.753,0.9,MODERATE SYCOPHANCY — low LSTM dominance (−10%),0.3548,MODERATE,0.78,0.0,2.0,-0.2399,0,SELL,-15.811,correct,✅,2025-04-02,2025-04-07,Win4:  Bear-TariffShock   (Apr02→07-2025)
WMT,0.0,0.0,0.0,-0.06,Bear,0.68,N/A,0.3381,OK,0.9217,0.6487,SIDEWAYS,0.9955,0.6848,0.9586,True,-0.8163,1.0,vol_change,-0.00266,0.1466,0.2566,0.207,0.95,MILD,NO_CONFLICT,0.2309,0.753,0.9,MODERATE SYCOPHANCY — low LSTM dominance (−10%),0.2144,MILD,0.828,0.0,2.0,-0.2818,0,SELL,-6.607,correct,✅,2025-04-02,2025-04-07,Win4:  Bear-TariffShock   (Apr02→07-2025)
PG,0.0002,0.0002,0.0002,-0.04,Sideways,0.82,N/A,0.4723,MINOR,0.9898,0.5511,CHAOTIC,1.0614,0.838,1.0256,True,-0.1936,1.0,vol_change,-0.000634,0.2095,0.2148,0.2809,0.95,MILD,NO_CONFLICT,0.1864,0.753,0.9,MODERATE SYCOPHANCY — low LSTM dominance (−10%),0.4778,MODERATE,0.75,0.0,2.0,-0.2204,0,SELL,-5.469,correct,✅,2025-04-02,2025-04-07,Win4:  Bear-TariffShock   (Apr02→07-2025)
JNJ,0.0007,0.0007,0.0007,-0.01,Sideways,0.59,N/A,0.3743,OK,1.0111,0.4446,NEUTRAL,0.9954,0.6848,1.0032,True,-0.2936,1.0,RSI,-0.001956,0.2139,0.3323,0.2836,0.95,MILD,NO_CONFLICT,0.2991,0.753,0.9,MODERATE SYCOPHANCY — low LSTM dominance (−10%),0.4611,MODERATE,0.69,0.0,2.0,-0.0514,0,SELL,-3.051,correct,✅,2025-04-02,2025-04-07,Win4:  Bear-TariffShock   (Apr02→07-2025)
NFLX,0.3663,0.3663,0.3663,-0.14,Bear,0.78,N/A,0.5533,MINOR,0.9187,0.6649,SIDEWAYS,0.9655,0.6515,0.9421,True,-0.2249,1.0,RSI,0.002586,0.2764,0.2812,0.2755,0.95,MILD,MILD_ADJUST,0.1986,0.8073,0.9,MODERATE SYCOPHANCY — low LSTM dominance (−10%),0.032,HARMONY,0.92,0.0,2.0,-0.3356,0,SELL,-7.236,correct,✅,2025-04-02,2025-04-07,Win4:  Bear-TariffShock   (Apr02→07-2025)
DIS,0.0,0.0,0.0,-0.13,Bear,0.98,N/A,0.3347,OK,0.9895,0.5526,CHAOTIC,0.9655,0.6515,0.9775,True,-0.1027,1.0,vol_change,-0.003139,0.1368,0.1444,0.186,1.0,HARMONY,NO_CONFLICT,0.13,0.818,0.9,MODERATE SYCOPHANCY — low LSTM dominance (−10%),0.0968,MILD,0.936,0.0,2.0,-0.4501,0,SELL,-14.896,correct,✅,2025-04-02,2025-04-07,Win4:  Bear-TariffShock   (Apr02→07-2025)
CRM,0.0,0.0,0.0,-0.12,Bear,0.98,N/A,0.3294,OK,0.9905,0.5476,CHAOTIC,0.9655,0.6515,0.978,True,-0.7391,1.0,sma20_dist,-0.003446,0.1382,0.146,0.1895,1.0,HARMONY,NO_CONFLICT,0.1314,0.818,0.9,MODERATE SYCOPHANCY — low LSTM dominance (−10%),0.0977,MILD,0.936,0.0,2.0,-0.4477,0,SELL,-10.065,correct,✅,2025-04-02,2025-04-07,Win4:  Bear-TariffShock   (Apr02→07-2025)
PLTR,0.0001,0.0001,0.0001,-0.1,Bear,0.78,N/A,0.502,MINOR,0.9298,0.6063,SIDEWAYS,0.9655,0.6515,0.9476,True,-0.2522,1.0,log_return,-0.006618,0.141,0.1443,0.295,0.95,MILD,NO_CONFLICT,0.1233,0.818,0.9,MODERATE SYCOPHANCY — low LSTM dominance (−10%),0.1081,MILD,0.936,0.0,2.0,-0.4612,0,SELL,-10.989,correct,✅,2025-04-02,2025-04-07,Win4:  Bear-TariffShock   (Apr02→07-2025)
AAPL,0.0437,0.0437,0.0437,-0.11,Bear,0.98,N/A,0.3193,OK,0.909,0.7156,SIDEWAYS,0.9954,0.6848,0.9522,True,-0.8144,1.0,vol_change,-0.003563,0.1564,0.1609,0.1986,1.0,HARMONY,NO_CONFLICT,0.1448,0.7565,0.9,MODERATE SYCOPHANCY — low LSTM dominance (−10%),0.0137,HARMONY,1.0,0.0,2.0,-0.4253,0,SELL,-1.91,noise_c,🔍✓,2026-03-16,2026-03-20,Win5:  Deep-Bear          (Mar15→20-2026)
MSFT,0.8086,0.8086,0.1914,-0.09,Bear,0.91,N/A,0.4761,MINOR,0.9268,0.6222,SIDEWAYS,0.9355,0.6182,0.9311,True,-0.1082,1.0,sma10_dist,0.001822,0.9335,0.8692,0.5404,0.7,HIGH,MILD_ADJUST,0.6396,0.8229,0.9,MODERATE SYCOPHANCY — low LSTM dominance (−10%),0.6933,HIGH,0.572,5.72,5.72,0.3994,1,BUY,-4.521,wrong,❌,2026-03-16,2026-03-20,Win5:  Deep-Bear          (Mar15→20-2026)
NVDA,0.3781,0.3781,0.3781,-0.08,Bear,0.68,N/A,0.4487,MINOR,0.9263,0.6248,SIDEWAYS,0.9655,0.6515,0.9459,True,-0.3493,1.0,log_return,-0.000969,0.2894,0.3524,0.2662,0.95,MILD,MILD_ADJUST,0.263,0.8057,0.9,MODERATE SYCOPHANCY — low LSTM dominance (−10%),0.0387,HARMONY,0.92,0.0,2.0,-0.2284,0,SELL,-5.742,correct,✅,2026-03-16,2026-03-20,Win5:  Deep-Bear          (Mar15→20-2026)
TSLA,1.0,1.0,0.0,-0.22,Bear,0.98,N/A,0.948,CRITICAL,1.0081,0.4594,CHAOTIC,0.9655,0.6515,0.9868,False,0.0089,0.72,sma50_dist,0.002901,0.9411,0.3894,0.697,0.5,CRITICAL,HOLD,0.3672,0.8088,0.9,MODERATE SYCOPHANCY — low LSTM dominance (−10%),0.6763,HIGH,0.572,0.0,0.0,-0.0547,0,HOLD,-6.977,hold,—,2026-03-16,2026-03-20,Win5:  Deep-Bear          (Mar15→20-2026)
META,0.0104,0.0104,0.0104,-0.07,Bear,0.98,N/A,0.4764,MINOR,1.0091,0.4546,CHAOTIC,0.9955,0.6848,1.0023,True,-0.9835,1.0,vol_change,-0.002013,0.1492,0.1615,0.2056,0.95,MILD,NO_CONFLICT,0.1399,0.8106,0.9,MODERATE SYCOPHANCY — low LSTM dominance (−10%),0.0833,MILD,0.828,0.0,2.0,-0.4336,0,SELL,-5.385,correct,✅,2026-03-16,2026-03-20,Win5:  Deep-Bear          (Mar15→20-2026)
GOOGL,0.8898,0.8898,0.1102,-0.1,Sideways,0.78,N/A,0.4388,MINOR,0.9217,0.6492,SIDEWAYS,0.9655,0.6515,0.9436,True,-0.0739,1.0,sma50_dist,0.001922,0.9583,0.9042,0.2522,0.95,MILD,MILD_ADJUST,0.702,0.8075,0.9,MODERATE SYCOPHANCY — low LSTM dominance (−10%),0.5405,MODERATE,0.78,15.6,15.6,0.553,5,BUY,-1.492,noise_w,🔍✗,2026-03-16,2026-03-20,Win5:  Deep-Bear          (Mar15→20-2026)
AMZN,0.0008,0.0008,0.0008,-0.1,Bear,0.98,N/A,0.4115,MINOR,0.9243,0.635,SIDEWAYS,0.9655,0.6515,0.9449,True,-0.5963,1.0,sma20_dist,-0.002428,0.1413,0.1442,0.1951,1.0,HARMONY,NO_CONFLICT,0.1076,0.8505,0.75,STRONG SYCOPHANCY — low dominance (−25%),0.0983,MILD,0.828,0.0,2.0,-0.4874,0,SELL,-3.008,correct,✅,2026-03-16,2026-03-20,Win5:  Deep-Bear          (Mar15→20-2026)
AMD,1.0,1.0,0.0,-0.12,Bear,0.98,N/A,0.8214,CRITICAL,0.9265,0.6237,SIDEWAYS,0.9355,0.6182,0.931,False,0.0009,0.72,sma10_dist,-0.001609,0.9702,0.374,0.7289,0.5,CRITICAL,HOLD,0.306,0.8512,0.75,STRONG SYCOPHANCY — low dominance (−25%),0.6904,HIGH,0.572,0.0,0.0,-0.1567,0,HOLD,2.416,hold,—,2026-03-16,2026-03-20,Win5:  Deep-Bear          (Mar15→20-2026)
INTC,1.0,1.0,0.0,-0.11,Sideways,0.785,N/A,0.9146,CRITICAL,0.9181,0.6679,SIDEWAYS,0.9355,0.6182,0.9268,False,0.0058,0.72,sma50_dist,0.001635,0.9735,0.373,0.3617,0.85,MODERATE,HOLD,0.36,0.8512,0.75,STRONG SYCOPHANCY — low dominance (−25%),0.4742,MODERATE,0.69,0.59,0.59,0.04,1,HOLD,-4.13,hold,—,2026-03-16,2026-03-20,Win5:  Deep-Bear          (Mar15→20-2026)
ORCL,1.0,1.0,0.0,-0.05,Bear,0.98,N/A,0.4159,MINOR,0.9905,0.5476,NEUTRAL,0.9355,0.6182,0.963,False,0.0004,0.72,sma10_dist,0.002087,0.983,0.6816,0.7216,0.5,CRITICAL,NO_CONFLICT,0.5071,0.8512,0.75,STRONG SYCOPHANCY — low dominance (−25%),0.7235,HIGH,0.506,1.13,1.13,0.1785,0,HOLD,-4.033,hold,—,2026-03-16,2026-03-20,Win5:  Deep-Bear          (Mar15→20-2026)
SPY,0.9908,0.9908,0.0092,-0.12,Sideways,0.82,N/A,0.3,OK,0.9128,0.6957,SIDEWAYS,0.95,0.5,0.9314,True,0.0259,1.0,RSI,0.002204,0.9702,0.5197,0.3158,0.95,MILD,HOLD,0.36,0.8525,0.75,STRONG SYCOPHANCY — low dominance (−25%),0.489,MODERATE,0.69,1.31,1.31,0.04,0,HOLD,-2.793,hold,—,2026-03-16,2026-03-20,Win5:  Deep-Bear          (Mar15→20-2026)
QQQ,0.9971,0.9971,0.0029,-0.18,Sideways,0.98,N/A,0.3,OK,0.9207,0.6542,SIDEWAYS,0.95,0.5,0.9353,True,0.064,1.0,sma50_dist,0.002449,0.9555,0.5163,0.3373,0.95,MILD,HOLD,0.36,0.8664,0.75,STRONG SYCOPHANCY — low dominance (−25%),0.4853,MODERATE,0.69,1.31,1.31,0.04,0,HOLD,-3.051,hold,—,2026-03-16,2026-03-20,Win5:  Deep-Bear          (Mar15→20-2026)
DIA,0.9992,0.9992,0.0008,-0.1,Sideways,0.96,N/A,0.3,OK,0.9264,0.6244,SIDEWAYS,0.95,0.5,0.9382,False,0.0046,0.72,RSI,0.002211,0.9754,0.6589,0.3146,0.95,MILD,NO_CONFLICT,0.4942,0.8571,0.75,STRONG SYCOPHANCY — low dominance (−25%),0.4635,MODERATE,0.5865,6.72,6.72,0.2413,1,HOLD,-2.855,hold,—,2026-03-16,2026-03-20,Win5:  Deep-Bear          (Mar15→20-2026)
IWM,0.9947,0.9947,0.0053,-0.15,Sideways,0.98,N/A,0.3,OK,0.9269,0.6214,SIDEWAYS,0.95,0.5,0.9385,True,0.0258,1.0,RSI,-0.002314,0.9635,0.5208,0.327,0.95,MILD,HOLD,0.36,0.9001,0.75,STRONG SYCOPHANCY — low dominance (−25%),0.4813,MODERATE,0.6375,1.21,1.21,0.04,0,HOLD,-2.519,hold,—,2026-03-16,2026-03-20,Win5:  Deep-Bear          (Mar15→20-2026)
JPM,0.999,0.999,0.001,-0.04,Bear,0.98,N/A,0.3738,OK,0.9164,0.6771,SIDEWAYS,0.9955,0.6848,0.956,False,0.0006,0.72,sma10_dist,0.001623,0.9843,0.6436,0.6783,0.5,CRITICAL,NO_CONFLICT,0.4827,0.8928,0.75,STRONG SYCOPHANCY — low dominance (−25%),0.6974,HIGH,0.4301,1.48,1.48,0.1378,0,HOLD,0.14,hold,—,2026-03-16,2026-03-20,Win5:  Deep-Bear          (Mar15→20-2026)
BAC,1.0,1.0,0.0,-0.08,Bear,0.98,N/A,0.3294,OK,0.9849,0.5754,NEUTRAL,1.0255,0.7182,1.0052,False,0.0001,0.72,sma10_dist,0.001317,0.9782,0.708,0.683,0.5,CRITICAL,NO_CONFLICT,0.531,0.8928,0.75,STRONG SYCOPHANCY — low dominance (−25%),0.6969,HIGH,0.506,2.5,2.5,0.2183,5,HOLD,0.212,hold,—,2026-03-16,2026-03-20,Win5:  Deep-Bear          (Mar15→20-2026)
GS,1.0,1.0,0.0,-0.05,Bear,0.98,N/A,0.3423,OK,1.0083,0.4587,CHAOTIC,0.9655,0.6515,0.9869,False,0.0066,0.72,sma10_dist,0.002787,0.983,0.6985,0.6961,0.5,CRITICAL,NO_CONFLICT,0.5239,0.8928,0.75,STRONG SYCOPHANCY — low dominance (−25%),0.7235,HIGH,0.506,1.76,1.76,0.2065,0,HOLD,2.36,hold,—,2026-03-16,2026-03-20,Win5:  Deep-Bear          (Mar15→20-2026)
V,0.003,0.003,0.003,-0.07,Bear,0.98,N/A,0.4,OK,1.0088,0.4561,CHAOTIC,0.86,0.3,0.9344,True,-0.4165,1.0,log_return,-0.002912,0.1464,0.1477,0.2044,0.95,MILD,NO_CONFLICT,0.1108,0.8861,0.75,STRONG SYCOPHANCY — low dominance (−25%),0.0975,MILD,0.7038,0.0,2.0,-0.482,0,SELL,-2.738,correct,✅,2026-03-16,2026-03-20,Win5:  Deep-Bear          (Mar15→20-2026)
GLD,0.0153,0.0153,0.0153,-0.16,Bear,0.82,N/A,0.3,OK,1.0071,0.4643,CHAOTIC,0.95,0.5,0.9786,True,-0.8788,1.0,vol_change,0.003601,0.1385,0.1464,0.1793,1.0,HARMONY,NO_CONFLICT,0.1098,0.8876,0.75,STRONG SYCOPHANCY — low dominance (−25%),0.0713,HARMONY,0.884,0.0,2.0,-0.4837,0,SELL,-10.219,correct,✅,2026-03-16,2026-03-20,Win5:  Deep-Bear          (Mar15→20-2026)
TLT,0.0022,0.0022,0.0022,0.04,Bull,0.65,N/A,0.3,OK,0.987,0.5649,CHAOTIC,0.95,0.5,0.9685,True,-0.911,1.0,RSI,-0.001315,0.2664,0.3372,0.6774,0.5,CRITICAL,NO_CONFLICT,0.2529,0.904,0.75,STRONG SYCOPHANCY — low dominance (−25%),0.776,HIGH,0.572,0.0,2.0,-0.0459,0,SELL,-1.582,correct,✅,2026-03-16,2026-03-20,Win5:  Deep-Bear          (Mar15→20-2026)
SLV,0.948,0.948,0.052,-0.1,Sideways,0.775,N/A,0.3,OK,0.9896,0.5518,NEUTRAL,0.95,0.5,0.9698,True,0.2401,1.0,sma20_dist,-0.003666,0.969,0.9397,0.3549,0.85,MODERATE,NO_CONFLICT,0.7019,0.9318,0.75,STRONG SYCOPHANCY — low dominance (−25%),0.546,MODERATE,0.69,8.11,8.11,0.5529,11,BUY,-15.979,wrong,❌,2026-03-16,2026-03-20,Win5:  Deep-Bear          (Mar15→20-2026)
XOM,0.0066,0.0066,0.0066,-0.08,Bear,0.94,N/A,0.35,OK,1.0147,0.4267,NEUTRAL,1.0014,0.7713,1.008,True,-0.9901,1.0,log_return,-0.001867,0.1464,0.1593,0.202,0.95,MILD,NO_CONFLICT,0.1195,0.9383,0.75,STRONG SYCOPHANCY — low dominance (−25%),0.0911,HARMONY,0.92,0.0,2.0,-0.4675,0,SELL,1.552,noise_w,🔍✗,2026-03-16,2026-03-20,Win5:  Deep-Bear          (Mar15→20-2026)
CVX,0.0,0.0,0.0,-0.07,Sideways,0.94,N/A,0.35,OK,1.0157,0.4217,NEUTRAL,1.0014,0.7713,1.0086,True,-0.4871,1.0,vol_change,-0.001854,0.2052,0.207,0.278,0.95,MILD,NO_CONFLICT,0.1552,0.9285,0.75,STRONG SYCOPHANCY — low dominance (−25%),0.3735,MODERATE,0.663,0.0,2.0,-0.2671,0,SELL,2.484,wrong,❌,2026-03-16,2026-03-20,Win5:  Deep-Bear          (Mar15→20-2026)
WMT,0.9972,0.9972,0.0028,-0.02,Sideways,0.82,N/A,0.3381,OK,1.0064,0.4678,CHAOTIC,0.9954,0.6848,1.0009,True,0.0145,1.0,RSI,0.000779,0.9871,0.9386,0.2894,0.95,MILD,NO_CONFLICT,0.6101,0.9586,0.65,EXTREME SYCOPHANCY — ensemble collapsed (−35%),0.2788,MILD,0.765,14.28,14.28,0.4151,11,BUY,-5.338,wrong,❌,2026-03-16,2026-03-20,Win5:  Deep-Bear          (Mar15→20-2026)
PG,0.0,0.0,0.0,-0.01,Bear,0.64,N/A,0.4723,MINOR,1.0152,0.4239,NEUTRAL,0.9653,0.6511,0.9903,True,-0.7103,1.0,vol_change,-0.003862,0.1536,0.2756,0.222,0.95,MILD,NO_CONFLICT,0.1992,0.9398,0.75,STRONG SYCOPHANCY — low dominance (−25%),0.3123,MILD,0.765,0.0,2.0,-0.3347,0,SELL,-5.154,correct,✅,2026-03-16,2026-03-20,Win5:  Deep-Bear          (Mar15→20-2026)
JNJ,0.027,0.027,0.027,0.01,Sideways,0.79,N/A,0.3743,OK,1.0133,0.4335,NEUTRAL,1.0252,0.7173,1.0192,True,-0.8707,1.0,RSI,0.001896,0.2268,0.2311,0.2726,0.95,MILD,NO_CONFLICT,0.1733,0.9289,0.75,STRONG SYCOPHANCY — low dominance (−25%),0.3934,MODERATE,0.6375,0.0,2.0,-0.24,0,SELL,-3.216,correct,✅,2026-03-16,2026-03-20,Win5:  Deep-Bear          (Mar15→20-2026)
NFLX,0.0,0.0,0.0,-0.11,Bear,0.98,N/A,0.5533,MINOR,0.9236,0.639,SIDEWAYS,0.9655,0.6515,0.9446,True,-0.0391,1.0,sma50_dist,-0.001982,0.1396,0.1424,0.2359,0.95,MILD,NO_CONFLICT,0.0855,0.9776,0.65,EXTREME SYCOPHANCY — ensemble collapsed (−35%),0.0988,MILD,0.765,0.0,2.0,-0.5242,0,SELL,-3.55,correct,✅,2026-03-16,2026-03-20,Win5:  Deep-Bear          (Mar15→20-2026)
DIS,1.0,1.0,0.0,-0.12,Bear,0.98,N/A,0.3347,OK,1.0094,0.4532,NEUTRAL,0.9655,0.6515,0.9875,False,0.0011,0.72,vol_change,0.001847,0.9702,0.3967,0.687,0.5,CRITICAL,HOLD,0.306,0.9218,0.75,STRONG SYCOPHANCY — low dominance (−25%),0.6904,HIGH,0.4862,0.0,0.0,-0.1567,0,HOLD,0.862,hold,—,2026-03-16,2026-03-20,Win5:  Deep-Bear          (Mar15→20-2026)
CRM,0.0006,0.0006,0.0006,-0.09,Bear,0.98,N/A,0.3294,OK,1.0105,0.4474,CHAOTIC,0.9655,0.6515,0.988,True,-0.7615,1.0,log_return,-0.001539,0.1426,0.1522,0.2184,0.95,MILD,NO_CONFLICT,0.1142,0.9187,0.75,STRONG SYCOPHANCY — low dominance (−25%),0.0999,HARMONY,0.782,0.0,2.0,-0.4764,0,SELL,-1.492,noise_c,🔍✓,2026-03-16,2026-03-20,Win5:  Deep-Bear          (Mar15→20-2026)
PLTR,0.0003,0.0003,0.0003,-0.03,Bear,0.98,N/A,0.502,MINOR,1.0105,0.4475,NEUTRAL,0.9655,0.6515,0.988,True,-0.3214,1.0,sma10_dist,-0.003116,0.1509,0.1491,0.2253,0.95,MILD,NO_CONFLICT,0.1061,0.9187,0.75,STRONG SYCOPHANCY — low dominance (−25%),0.251,MILD,0.7956,0.0,2.0,-0.4898,0,SELL,-1.336,noise_c,🔍✓,2026-03-16,2026-03-20,Win5:  Deep-Bear          (Mar15→20-2026)
AAPL,1.0,1.0,0.0,0.09,Bear,0.94,N/A,0.3193,OK,0.9887,0.5563,CHAOTIC,0.9355,0.6182,0.9621,False,0.001,0.72,vol_change,0.003955,0.9946,0.6889,0.666,0.5,CRITICAL,NO_CONFLICT,0.5167,0.9446,0.75,STRONG SYCOPHANCY — low dominance (−25%),0.6331,MODERATE,0.6375,2.95,2.95,0.1945,1,HOLD,2.24,hold,—,2024-10-14,2024-10-21,Win6:  Bull-EarningsBeat  (Oct14→21-2024)
MSFT,0.3845,0.3845,0.3845,0.1,Sideways,0.98,N/A,0.4761,MINOR,0.9262,0.6252,SIDEWAYS,1.0314,0.8046,0.9788,True,-0.6008,1.0,RSI,0.001426,0.377,0.3691,0.0958,1.0,HARMONY,MILD_ADJUST,0.2263,0.893,0.75,STRONG SYCOPHANCY — low dominance (−25%),0.4835,MODERATE,0.5865,0.0,2.0,-0.1605,0,SELL,-0.086,noise_c,🔍✓,2024-10-14,2024-10-21,Win6:  Bull-EarningsBeat  (Oct14→21-2024)
NVDA,1.0,1.0,0.0,0.14,Bear,0.89,N/A,0.4487,MINOR,0.903,0.7473,SIDEWAYS,0.9355,0.6182,0.9193,True,0.0145,1.0,sma50_dist,0.003193,0.9962,0.9158,0.6688,0.5,CRITICAL,MILD_ADJUST,0.6701,0.9166,0.75,STRONG SYCOPHANCY — low dominance (−25%),0.608,MODERATE,0.6375,5.42,5.42,0.4502,3,HOLD,4.085,hold,—,2024-10-14,2024-10-21,Win6:  Bull-EarningsBeat  (Oct14→21-2024)
TSLA,0.0001,0.0001,0.0001,0.18,Bear,0.98,N/A,0.948,CRITICAL,0.9034,0.7452,SIDEWAYS,0.9355,0.6182,0.9194,True,-0.3256,1.0,vol_change,-0.002872,0.1802,0.1657,0.3271,0.95,MILD,SYSTEMIC_VETO,0.0373,0.9197,0.75,STRONG SYCOPHANCY — low dominance (−25%),0.5298,MODERATE,0.5865,0.0,2.0,-0.6045,0,SELL,-0.141,noise_c,🔍✓,2024-10-14,2024-10-21,Win6:  Bull-EarningsBeat  (Oct14→21-2024)
META,0.0,0.0,0.0,0.12,Sideways,0.88,N/A,0.4764,MINOR,0.992,0.54,CHAOTIC,0.9655,0.6515,0.9788,True,-0.9297,1.0,sma20_dist,-0.00253,0.2318,0.2269,0.321,0.95,MILD,HOLD,0.36,0.9197,0.75,STRONG SYCOPHANCY — low dominance (−25%),0.6547,HIGH,0.4675,0.89,0.89,0.04,0,HOLD,-2.585,hold,—,2024-10-14,2024-10-21,Win6:  Bull-EarningsBeat  (Oct14→21-2024)
GOOGL,0.0001,0.0001,0.0001,0.08,Sideways,0.82,N/A,0.4388,MINOR,0.9258,0.6274,SIDEWAYS,1.0314,0.8046,0.9786,True,-0.9123,1.0,sma10_dist,-0.001344,0.2262,0.2214,0.3089,0.95,MILD,NO_CONFLICT,0.1628,0.9197,0.75,STRONG SYCOPHANCY — low dominance (−25%),0.6574,HIGH,0.4301,0.0,2.0,-0.2558,0,SELL,-0.54,noise_c,🔍✓,2024-10-14,2024-10-21,Win6:  Bull-EarningsBeat  (Oct14→21-2024)
AMZN,0.9945,0.9945,0.0055,0.09,Sideways,0.6,N/A,0.4115,MINOR,0.9259,0.6266,SIDEWAYS,0.9355,0.6182,0.9307,True,0.0154,1.0,sma20_dist,0.001873,0.9946,0.7416,0.2729,0.95,MILD,NO_CONFLICT,0.553,0.8962,0.75,STRONG SYCOPHANCY — low dominance (−25%),0.1696,MILD,0.7038,11.01,11.01,0.3295,5,BUY,0.816,noise_c,🔍✓,2024-10-14,2024-10-21,Win6:  Bull-EarningsBeat  (Oct14→21-2024)
AMD,0.0,0.0,0.0,0.1,Bear,0.73,N/A,0.8214,CRITICAL,0.9113,0.7039,SIDEWAYS,0.9355,0.6182,0.9234,False,-0.0056,0.72,sma10_dist,-0.003738,0.169,0.1124,0.2676,0.95,MILD,SYSTEMIC_VETO,0.0253,0.9043,0.75,STRONG SYCOPHANCY — low dominance (−25%),0.5379,MODERATE,0.6375,0.0,2.0,-0.6245,0,SELL,-4.459,correct,✅,2024-10-14,2024-10-21,Win6:  Bull-EarningsBeat  (Oct14→21-2024)
INTC,0.0,0.0,0.0,0.06,Bear,0.73,N/A,0.9146,CRITICAL,1.0106,0.4471,CHAOTIC,0.9655,0.6515,0.988,False,-0.0049,0.72,sma20_dist,0.000854,0.1634,0.1162,0.2579,0.95,MILD,SYSTEMIC_VETO,0.0262,0.9043,0.75,STRONG SYCOPHANCY — low dominance (−25%),0.2068,MILD,0.9,0.0,2.0,-0.623,0,SELL,-2.56,correct,✅,2024-10-14,2024-10-21,Win6:  Bull-EarningsBeat  (Oct14→21-2024)
ORCL,0.0,0.0,0.0,0.07,Bear,0.94,N/A,0.4159,MINOR,1.0108,0.446,CHAOTIC,0.9655,0.6515,0.9881,True,-0.2308,1.0,sma50_dist,0.001978,0.1648,0.1628,0.246,0.95,MILD,NO_CONFLICT,0.1212,0.9043,0.75,STRONG SYCOPHANCY — low dominance (−25%),0.4817,MODERATE,0.75,0.0,2.0,-0.4647,0,SELL,-1.34,noise_c,🔍✓,2024-10-14,2024-10-21,Win6:  Bull-EarningsBeat  (Oct14→21-2024)
SPY,0.3768,0.3768,0.3768,0.11,Bull,0.98,N/A,0.3,OK,0.9258,0.6272,SIDEWAYS,0.95,0.5,0.9379,True,-0.6224,1.0,vol_change,-0.001599,0.4205,0.3944,0.4034,0.85,MODERATE,ALIGN_BULL,0.4163,0.8792,0.75,STRONG SYCOPHANCY — low dominance (−25%),0.4402,MODERATE,0.7725,6.0,6.0,0.1828,1,HOLD,-0.118,hold,—,2024-10-14,2024-10-21,Win6:  Bull-EarningsBeat  (Oct14→21-2024)
QQQ,1.0,1.0,0.0,0.13,Sideways,0.98,N/A,0.3,OK,0.9199,0.6585,SIDEWAYS,0.95,0.5,0.9349,False,0.0009,0.72,RSI,0.001921,0.9961,0.6705,0.272,0.95,MILD,NO_CONFLICT,0.5029,0.8541,0.75,STRONG SYCOPHANCY — low dominance (−25%),0.2114,MILD,0.9,10.87,10.87,0.2543,2,HOLD,-0.418,hold,—,2024-10-14,2024-10-21,Win6:  Bull-EarningsBeat  (Oct14→21-2024)
DIA,0.0359,0.0359,0.0359,0.1,Bull,0.98,N/A,0.3,OK,1.0103,0.4485,CHAOTIC,0.95,0.5,0.9801,True,-0.8352,1.0,RSI,-0.002475,0.2878,0.2821,0.6581,0.5,CRITICAL,NO_CONFLICT,0.2116,0.8632,0.75,STRONG SYCOPHANCY — low dominance (−25%),0.7678,HIGH,0.5665,0.0,2.0,-0.1038,0,SELL,-0.318,noise_c,🔍✓,2024-10-14,2024-10-21,Win6:  Bull-EarningsBeat  (Oct14→21-2024)
IWM,0.1336,0.1336,0.1336,0.12,Sideways,0.93,N/A,0.3,OK,0.9124,0.6978,SIDEWAYS,0.95,0.5,0.9312,True,-0.8162,1.0,log_return,-0.002663,0.2832,0.2637,0.2449,0.95,MILD,HOLD,0.36,0.8697,0.75,STRONG SYCOPHANCY — low dominance (−25%),0.5253,MODERATE,0.69,1.31,1.31,0.04,0,HOLD,-0.354,hold,—,2024-10-14,2024-10-21,Win6:  Bull-EarningsBeat  (Oct14→21-2024)
JPM,1.0,1.0,0.0,0.16,Bear,0.91,N/A,0.3738,OK,0.9078,0.7222,SIDEWAYS,1.0014,0.7713,0.9546,True,0.0744,1.0,sma50_dist,0.003246,0.9967,0.9515,0.659,0.5,CRITICAL,NO_CONFLICT,0.7136,0.9109,0.75,STRONG SYCOPHANCY — low dominance (−25%),0.6087,MODERATE,0.75,7.5,7.5,0.5227,3,HOLD,0.686,hold,—,2024-10-14,2024-10-21,Win6:  Bull-EarningsBeat  (Oct14→21-2024)
BAC,0.2173,0.2173,0.2173,0.14,Sideways,0.67,N/A,0.3294,OK,0.9907,0.5466,CHAOTIC,0.9655,0.6515,0.9781,True,-0.6664,1.0,sma50_dist,0.00127,0.3183,0.37,0.2031,0.95,MILD,ALIGN_BULL,0.4275,0.8564,0.75,STRONG SYCOPHANCY — low dominance (−25%),0.5637,MODERATE,0.69,4.63,4.63,0.1412,11,HOLD,-0.358,hold,—,2024-10-14,2024-10-21,Win6:  Bull-EarningsBeat  (Oct14→21-2024)
GS,0.002,0.002,0.002,0.15,Sideways,0.7,N/A,0.3423,OK,0.914,0.6896,SIDEWAYS,0.9355,0.6182,0.9247,True,-0.7635,1.0,log_return,-0.003724,0.2368,0.219,0.3288,0.95,MILD,HOLD,0.36,0.883,0.75,STRONG SYCOPHANCY — low dominance (−25%),0.6494,MODERATE,0.75,1.42,1.42,0.04,0,HOLD,-0.947,hold,—,2024-10-14,2024-10-21,Win6:  Bull-EarningsBeat  (Oct14→21-2024)
V,0.9999,0.9999,0.0001,0.09,Sideways,0.9,N/A,0.4,OK,0.9903,0.5484,CHAOTIC,0.9538,0.6128,0.972,True,0.0213,1.0,sma20_dist,0.003278,0.9948,0.967,0.2759,0.95,MILD,NO_CONFLICT,0.7252,0.9198,0.75,STRONG SYCOPHANCY — low dominance (−25%),0.2072,MILD,0.828,16.56,16.56,0.5879,5,BUY,2.198,correct,✅,2024-10-14,2024-10-21,Win6:  Bull-EarningsBeat  (Oct14→21-2024)
GLD,1.0,1.0,0.0,0.04,Sideways,0.98,N/A,0.3,OK,1.0106,0.4472,NEUTRAL,0.95,0.5,0.9803,True,0.0227,1.0,sma10_dist,0.000783,0.9922,0.9241,0.281,0.95,MILD,NO_CONFLICT,0.6931,0.9198,0.75,STRONG SYCOPHANCY — low dominance (−25%),0.2814,MILD,0.936,18.72,18.72,0.5396,7,BUY,2.509,correct,✅,2024-10-14,2024-10-21,Win6:  Bull-EarningsBeat  (Oct14→21-2024)
TLT,0.0,0.0,0.0,-0.03,Bull,0.65,N/A,0.3,OK,0.9249,0.6322,SIDEWAYS,0.95,0.5,0.9375,True,-0.0226,1.0,vol_change,-0.00401,0.2558,0.3199,0.672,0.5,CRITICAL,NO_CONFLICT,0.2399,0.9275,0.75,STRONG SYCOPHANCY — low dominance (−25%),0.7433,HIGH,0.55,0.0,2.0,-0.0641,0,SELL,-1.642,correct,✅,2024-10-14,2024-10-21,Win6:  Bull-EarningsBeat  (Oct14→21-2024)
SLV,1.0,1.0,0.0,0.02,Sideways,0.91,N/A,0.3,OK,0.9887,0.5566,NEUTRAL,0.95,0.5,0.9693,False,0.0032,0.72,sma50_dist,0.000909,0.9909,0.657,0.283,0.95,MILD,NO_CONFLICT,0.4928,0.9436,0.75,STRONG SYCOPHANCY — low dominance (−25%),0.2777,MILD,0.828,8.14,8.14,0.2391,28,HOLD,8.094,hold,—,2024-10-14,2024-10-21,Win6:  Bull-EarningsBeat  (Oct14→21-2024)
XOM,0.0,0.0,0.0,0.07,Bear,0.67,N/A,0.35,OK,0.9263,0.625,SIDEWAYS,0.9955,0.6848,0.9609,True,-0.5196,1.0,RSI,-0.001715,0.1648,0.2646,0.246,0.95,MILD,NO_CONFLICT,0.172,0.9587,0.65,EXTREME SYCOPHANCY — ensemble collapsed (−35%),0.5369,MODERATE,0.78,0.0,2.0,-0.38,0,SELL,-3.224,correct,✅,2024-10-14,2024-10-21,Win6:  Bull-EarningsBeat  (Oct14→21-2024)
CVX,0.0013,0.0013,0.0013,0.06,Sideways,0.79,N/A,0.35,OK,0.9229,0.6427,SIDEWAYS,0.9654,0.6515,0.9442,True,-0.7891,1.0,RSI,-0.00198,0.2239,0.2114,0.3022,0.95,MILD,NO_CONFLICT,0.1374,0.9629,0.65,EXTREME SYCOPHANCY — ensemble collapsed (−35%),0.518,MODERATE,0.75,0.0,2.0,-0.2939,0,SELL,-0.593,noise_c,🔍✓,2024-10-14,2024-10-21,Win6:  Bull-EarningsBeat  (Oct14→21-2024)
WMT,1.0,1.0,0.0,0.06,Sideways,0.94,N/A,0.3381,OK,0.9913,0.5436,CHAOTIC,0.9654,0.6515,0.9784,True,0.0197,1.0,RSI,0.002541,0.9934,0.9719,0.279,0.95,MILD,NO_CONFLICT,0.6317,0.9642,0.65,EXTREME SYCOPHANCY — ensemble collapsed (−35%),0.2827,MILD,0.9,18.0,18.0,0.4476,22,BUY,0.648,noise_c,🔍✓,2024-10-14,2024-10-21,Win6:  Bull-EarningsBeat  (Oct14→21-2024)
PG,1.0,1.0,0.0,0.04,Sideways,0.86,N/A,0.4723,MINOR,0.9233,0.6406,SIDEWAYS,1.0901,0.8669,1.0067,True,0.023,1.0,RSI,0.001411,0.9922,0.9489,0.281,0.95,MILD,MILD_ADJUST,0.5945,0.9642,0.65,EXTREME SYCOPHANCY — ensemble collapsed (−35%),0.277,MILD,0.9,16.75,16.75,0.3917,10,BUY,-1.144,noise_w,🔍✗,2024-10-14,2024-10-21,Win6:  Bull-EarningsBeat  (Oct14→21-2024)
JNJ,1.0,1.0,0.0,0.05,Bull,0.98,N/A,0.3743,OK,0.9809,0.5957,CHAOTIC,0.92,0.3,0.9505,False,0.0099,0.72,RSI,0.001948,0.993,0.5132,0.21,0.95,MILD,NO_CONFLICT,0.3336,0.9642,0.65,EXTREME SYCOPHANCY — ensemble collapsed (−35%),0.0473,HARMONY,1.0712,3.41,3.41,0.067,2,HOLD,0.761,hold,—,2024-10-14,2024-10-21,Win6:  Bull-EarningsBeat  (Oct14→21-2024)
NFLX,0.9571,0.9571,0.0429,0.1,Sideways,0.86,N/A,0.5533,MINOR,1.0118,0.4408,NEUTRAL,0.9655,0.6515,0.9887,True,0.0107,1.0,sma50_dist,-0.003063,0.9941,0.9829,0.2506,0.95,MILD,NO_CONFLICT,0.7316,0.9453,0.75,STRONG SYCOPHANCY — low dominance (−25%),0.2266,MILD,0.936,18.72,18.72,0.5974,26,BUY,8.285,correct,✅,2024-10-14,2024-10-21,Win6:  Bull-EarningsBeat  (Oct14→21-2024)
DIS,1.0,1.0,0.0,0.06,Sideways,0.98,N/A,0.3347,OK,0.9063,0.7298,SIDEWAYS,1.0014,0.7713,0.9539,False,0.0025,0.72,sma20_dist,0.001303,0.9934,0.6822,0.279,0.95,MILD,NO_CONFLICT,0.4434,0.9523,0.65,EXTREME SYCOPHANCY — ensemble collapsed (−35%),0.2853,MILD,0.936,7.34,7.34,0.1651,7,HOLD,1.737,hold,—,2024-10-14,2024-10-21,Win6:  Bull-EarningsBeat  (Oct14→21-2024)
CRM,0.0011,0.0011,0.0011,0.08,Bear,0.82,N/A,0.3294,OK,0.987,0.5649,NEUTRAL,0.9655,0.6515,0.9763,True,-0.9093,1.0,sma20_dist,-0.003078,0.1666,0.1627,0.2492,0.95,MILD,NO_CONFLICT,0.122,0.9429,0.75,STRONG SYCOPHANCY — low dominance (−25%),0.5069,MODERATE,0.75,0.0,2.0,-0.4633,0,SELL,-0.12,noise_c,🔍✓,2024-10-14,2024-10-21,Win6:  Bull-EarningsBeat  (Oct14→21-2024)
PLTR,0.9977,0.9977,0.0023,0.16,Bear,0.89,N/A,0.502,MINOR,1.0124,0.4379,CHAOTIC,0.9655,0.6515,0.9889,False,-0.0011,0.72,log_return,0.002713,0.9967,0.7097,0.6664,0.5,CRITICAL,MILD_ADJUST,0.4378,0.9517,0.65,EXTREME SYCOPHANCY — ensemble collapsed (−35%),0.6058,MODERATE,0.75,0.88,0.88,0.063,2,HOLD,-1.613,hold,—,2024-10-14,2024-10-21,Win6:  Bull-EarningsBeat  (Oct14→21-2024)
AAPL,0.986,0.986,0.014,0.07,Sideways,0.865,N/A,0.3193,OK,0.9318,0.596,SIDEWAYS,0.9954,0.6848,0.9636,True,0.0394,1.0,log_return,0.003431,0.9935,0.9573,0.27,0.95,MILD,NO_CONFLICT,0.718,0.9141,0.75,STRONG SYCOPHANCY — low dominance (−25%),0.2132,HARMONY,0.92,18.4,18.4,0.577,8,BUY,3.243,correct,✅,2025-01-21,2025-01-27,Win7:  Bull-InaugRally    (Jan20→27-2025)
MSFT,0.5344,0.5344,0.4656,0.09,Sideways,0.98,N/A,0.4761,MINOR,0.9042,0.7409,SIDEWAYS,0.9354,0.6181,0.9198,True,-0.4401,1.0,vol_change,0.001193,0.7976,0.7336,0.026,1.0,HARMONY,MILD_ADJUST,0.4498,0.893,0.75,STRONG SYCOPHANCY — low dominance (−25%),0.1721,HARMONY,1.04,9.09,9.09,0.1748,2,HOLD,1.414,hold,—,2025-01-21,2025-01-27,Win7:  Bull-InaugRally    (Jan20→27-2025)
NVDA,0.0,0.0,0.0,0.08,Bear,0.87,N/A,0.4487,MINOR,0.8998,0.7641,SIDEWAYS,0.9355,0.6182,0.9177,True,-0.3598,1.0,log_return,-0.004271,0.1662,0.1525,0.2758,0.95,MILD,NO_CONFLICT,0.1116,0.9095,0.75,STRONG SYCOPHANCY — low dominance (−25%),0.499,MODERATE,0.78,0.0,2.0,-0.4807,0,SELL,-15.913,correct,✅,2025-01-21,2025-01-27,Win7:  Bull-InaugRally    (Jan20→27-2025)
TSLA,0.0,0.0,0.0,0.28,Bear,0.78,N/A,0.948,CRITICAL,0.9934,0.5329,NEUTRAL,0.9355,0.6182,0.9645,True,-0.7805,1.0,sma20_dist,0.001925,0.1942,0.1873,0.3904,0.85,MODERATE,SYSTEMIC_VETO,0.0421,0.9095,0.75,STRONG SYCOPHANCY — low dominance (−25%),0.6034,MODERATE,0.75,0.0,2.0,-0.5964,0,SELL,-6.348,correct,✅,2025-01-21,2025-01-27,Win7:  Bull-InaugRally    (Jan20→27-2025)
META,1.0,1.0,0.0,0.1,Bear,0.94,N/A,0.4764,MINOR,0.9222,0.6461,SIDEWAYS,0.9655,0.6515,0.9439,False,0.0002,0.72,sma10_dist,0.001726,0.995,0.6762,0.665,0.5,CRITICAL,MILD_ADJUST,0.4877,0.9296,0.75,STRONG SYCOPHANCY — low dominance (−25%),0.6306,MODERATE,0.69,2.1,2.1,0.1462,0,HOLD,7.043,hold,—,2025-01-21,2025-01-27,Win7:  Bull-InaugRally    (Jan20→27-2025)
GOOGL,0.0003,0.0003,0.0003,0.06,Bear,0.94,N/A,0.4388,MINOR,0.9197,0.6596,SIDEWAYS,0.9655,0.6515,0.9426,True,-0.9043,1.0,sma50_dist,-0.001599,0.1635,0.1541,0.243,0.95,MILD,NO_CONFLICT,0.0982,0.9509,0.65,EXTREME SYCOPHANCY — ensemble collapsed (−35%),0.1818,HARMONY,0.92,0.0,2.0,-0.503,0,SELL,-3.151,correct,✅,2025-01-21,2025-01-27,Win7:  Bull-InaugRally    (Jan20→27-2025)
AMZN,0.9998,0.9998,0.0002,0.07,Bear,0.94,N/A,0.4115,MINOR,1.0087,0.4566,NEUTRAL,0.9655,0.6515,0.9871,False,0.0025,0.72,sma20_dist,0.002109,0.9936,0.7062,0.6678,0.5,CRITICAL,NO_CONFLICT,0.5266,0.916,0.75,STRONG SYCOPHANCY — low dominance (−25%),0.6386,MODERATE,0.78,3.72,3.72,0.211,1,HOLD,2.042,hold,—,2025-01-21,2025-01-27,Win7:  Bull-InaugRally    (Jan20→27-2025)
AMD,0.0,0.0,0.0,0.07,Bear,0.98,N/A,0.8214,CRITICAL,1.0094,0.4528,NEUTRAL,0.9355,0.6182,0.9725,True,-0.9266,1.0,sma20_dist,0.000581,0.1648,0.1603,0.266,0.95,MILD,SYSTEMIC_VETO,0.0361,0.8712,0.75,STRONG SYCOPHANCY — low dominance (−25%),0.4753,MODERATE,0.69,0.0,2.0,-0.6065,0,SELL,-5.945,correct,✅,2025-01-21,2025-01-27,Win7:  Bull-InaugRally    (Jan20→27-2025)
INTC,0.0,0.0,0.0,0.05,Bear,0.98,N/A,0.9146,CRITICAL,1.008,0.4601,NEUTRAL,1.0014,0.7713,1.0047,True,-0.2063,1.0,sma10_dist,-0.00268,0.162,0.1628,0.2722,0.95,MILD,SYSTEMIC_VETO,0.0366,0.8712,0.75,STRONG SYCOPHANCY — low dominance (−25%),0.1955,HARMONY,1.0,0.0,2.0,-0.6057,0,SELL,-6.798,correct,✅,2025-01-21,2025-01-27,Win7:  Bull-InaugRally    (Jan20→27-2025)
ORCL,0.0,0.0,0.0,0.08,Bear,0.81,N/A,0.4159,MINOR,0.983,0.585,CHAOTIC,0.9655,0.6515,0.9743,True,-0.9103,1.0,log_return,-0.003867,0.1662,0.1619,0.258,0.95,MILD,NO_CONFLICT,0.1205,0.8712,0.75,STRONG SYCOPHANCY — low dominance (−25%),0.5105,MODERATE,0.78,0.0,2.0,-0.4659,0,SELL,-8.281,correct,✅,2025-01-21,2025-01-27,Win7:  Bull-InaugRally    (Jan20→27-2025)
SPY,0.9849,0.9849,0.0151,0.09,Sideways,0.98,N/A,0.3,OK,0.9071,0.7258,SIDEWAYS,0.95,0.5,0.9285,True,-0.0149,1.0,log_return,-0.001923,0.9944,0.9234,0.2674,0.95,MILD,NO_CONFLICT,0.6925,0.8692,0.75,STRONG SYCOPHANCY — low dominance (−25%),0.2236,MILD,0.9,18.0,18.0,0.5388,3,BUY,-0.61,noise_w,🔍✗,2025-01-21,2025-01-27,Win7:  Bull-InaugRally    (Jan20→27-2025)
QQQ,0.7436,0.7436,0.2564,0.1,Sideways,0.94,N/A,0.3,OK,0.9093,0.714,SIDEWAYS,0.95,0.5,0.9296,True,-0.255,1.0,sma20_dist,0.002218,0.9784,0.9096,0.1288,1.0,HARMONY,MILD_ADJUST,0.6958,0.8399,0.9,MODERATE SYCOPHANCY — low LSTM dominance (−10%),0.2653,MILD,0.936,18.72,18.72,0.5437,3,BUY,-2.018,wrong,❌,2025-01-21,2025-01-27,Win7:  Bull-InaugRally    (Jan20→27-2025)
DIA,1.0,1.0,0.0,0.08,Sideways,0.98,N/A,0.3,OK,0.9283,0.6142,SIDEWAYS,0.95,0.5,0.9391,False,0.0033,0.72,RSI,0.000298,0.9944,0.6724,0.277,0.95,MILD,NO_CONFLICT,0.5043,0.8885,0.75,STRONG SYCOPHANCY — low dominance (−25%),0.2167,HARMONY,1.04,12.67,12.67,0.2564,2,HOLD,1.595,hold,—,2025-01-21,2025-01-27,Win7:  Bull-InaugRally    (Jan20→27-2025)
IWM,0.0004,0.0004,0.0004,0.12,Sideways,0.87,N/A,0.3,OK,0.913,0.6948,SIDEWAYS,0.95,0.5,0.9315,True,-0.998,1.0,log_return,-0.003495,0.232,0.2161,0.3208,0.95,MILD,HOLD,0.432,0.8475,0.9,MODERATE SYCOPHANCY — low LSTM dominance (−10%),0.6561,HIGH,0.572,4.02,4.02,0.148,1,HOLD,-1.432,hold,—,2025-01-21,2025-01-27,Win7:  Bull-InaugRally    (Jan20→27-2025)
JPM,1.0,1.0,0.0,0.11,Sideways,0.94,N/A,0.3738,OK,1.0106,0.447,CHAOTIC,0.9655,0.6515,0.988,False,0.0005,0.72,sma10_dist,-0.001683,0.9955,0.7082,0.274,0.95,MILD,NO_CONFLICT,0.5312,0.9014,0.75,STRONG SYCOPHANCY — low dominance (−25%),0.2093,HARMONY,0.92,12.97,12.97,0.2967,5,BUY,1.072,noise_c,🔍✓,2025-01-21,2025-01-27,Win7:  Bull-InaugRally    (Jan20→27-2025)
BAC,1.0,1.0,0.0,0.1,Sideways,0.88,N/A,0.3294,OK,0.9805,0.5974,CHAOTIC,0.9954,0.6848,0.9879,True,0.0259,1.0,sma10_dist,0.002455,0.9952,0.9832,0.275,0.95,MILD,NO_CONFLICT,0.7374,0.9014,0.75,STRONG SYCOPHANCY — low dominance (−25%),0.2038,HARMONY,1.092,20.0,20.0,0.6061,44,BUY,0.922,noise_c,🔍✓,2025-01-21,2025-01-27,Win7:  Bull-InaugRally    (Jan20→27-2025)
GS,1.0,1.0,0.0,0.13,Bear,0.94,N/A,0.3423,OK,0.9911,0.5447,CHAOTIC,0.9655,0.6515,0.9783,True,0.138,1.0,sma10_dist,0.002121,0.996,0.9744,0.6635,0.5,CRITICAL,NO_CONFLICT,0.7308,0.9014,0.75,STRONG SYCOPHANCY — low dominance (−25%),0.6233,MODERATE,0.819,8.19,8.19,0.5513,1,HOLD,-0.23,hold,—,2025-01-21,2025-01-27,Win7:  Bull-InaugRally    (Jan20→27-2025)
V,1.0,1.0,0.0,0.07,Sideways,0.98,N/A,0.4,OK,0.991,0.5452,CHAOTIC,0.9654,0.6514,0.9782,False,0.0011,0.72,sma10_dist,0.001059,0.9939,0.7,0.278,0.95,MILD,NO_CONFLICT,0.525,0.9014,0.75,STRONG SYCOPHANCY — low dominance (−25%),0.2179,HARMONY,0.966,13.19,13.19,0.2875,4,BUY,3.371,correct,✅,2025-01-21,2025-01-27,Win7:  Bull-InaugRally    (Jan20→27-2025)
GLD,1.0,1.0,0.0,-0.02,Sideways,0.98,N/A,0.3,OK,0.9161,0.6782,SIDEWAYS,0.95,0.5,0.933,True,0.0134,1.0,RSI,0.001467,0.9873,0.8751,0.291,0.95,MILD,NO_CONFLICT,0.6563,0.9014,0.75,STRONG SYCOPHANCY — low dominance (−25%),0.2787,MILD,0.9828,19.66,19.66,0.4845,7,BUY,-0.055,noise_w,🔍✗,2025-01-21,2025-01-27,Win7:  Bull-InaugRally    (Jan20→27-2025)
TLT,1.0,1.0,0.0,-0.06,Bull,0.75,N/A,0.3,OK,0.9274,0.6189,SIDEWAYS,0.95,0.5,0.9387,True,0.1005,1.0,sma20_dist,0.00158,0.9827,0.9225,0.243,0.95,MILD,NO_CONFLICT,0.6919,0.9014,0.75,STRONG SYCOPHANCY — low dominance (−25%),0.0272,HARMONY,1.05,20.0,20.0,0.5686,24,BUY,0.318,noise_c,🔍✓,2025-01-21,2025-01-27,Win7:  Bull-InaugRally    (Jan20→27-2025)
SLV,0.0,0.0,0.0,0.03,Bear,0.82,N/A,0.3,OK,0.9135,0.6919,SIDEWAYS,0.95,0.5,0.9317,True,-0.1159,1.0,log_return,0.001218,0.1592,0.1483,0.234,0.95,MILD,NO_CONFLICT,0.1112,0.921,0.75,STRONG SYCOPHANCY — low dominance (−25%),0.2708,MILD,0.9828,0.0,2.0,-0.4813,0,SELL,-2.068,noise_c,🔍✓,2025-01-21,2025-01-27,Win7:  Bull-InaugRally    (Jan20→27-2025)
XOM,0.0,0.0,0.0,0.09,Sideways,0.77,N/A,0.35,OK,1.011,0.4452,CHAOTIC,1.0554,0.7513,1.0332,True,-0.7,1.0,sma10_dist,0.002473,0.2276,0.2352,0.312,0.95,MILD,NO_CONFLICT,0.1764,0.921,0.75,STRONG SYCOPHANCY — low dominance (−25%),0.6688,HIGH,0.5775,0.0,2.0,-0.2354,0,SELL,-1.166,noise_c,🔍✓,2025-01-21,2025-01-27,Win7:  Bull-InaugRally    (Jan20→27-2025)
CVX,0.0015,0.0015,0.0015,0.08,Sideways,0.94,N/A,0.35,OK,0.9041,0.7417,SIDEWAYS,0.9954,0.6848,0.9497,True,-0.348,1.0,sma20_dist,-0.003371,0.2268,0.2154,0.3081,0.95,MILD,NO_CONFLICT,0.1939,0.8333,0.9,MODERATE SYCOPHANCY — low LSTM dominance (−10%),0.6364,MODERATE,0.69,0.0,2.0,-0.2092,0,SELL,-0.638,noise_c,🔍✓,2025-01-21,2025-01-27,Win7:  Bull-InaugRally    (Jan20→27-2025)
WMT,1.0,1.0,0.0,0.04,Sideways,0.93,N/A,0.3381,OK,0.9852,0.5738,NEUTRAL,1.0608,0.8361,1.023,True,0.0105,1.0,RSI,0.002073,0.9922,0.9643,0.281,0.95,MILD,NO_CONFLICT,0.7232,0.8861,0.75,STRONG SYCOPHANCY — low dominance (−25%),0.2796,MILD,0.828,16.56,16.56,0.5848,17,BUY,4.641,correct,✅,2025-01-21,2025-01-27,Win7:  Bull-InaugRally    (Jan20→27-2025)
PG,0.9901,0.9901,0.0099,0.03,Sideways,0.82,N/A,0.4723,MINOR,0.9185,0.6656,SIDEWAYS,0.9947,0.6824,0.9566,True,0.028,1.0,RSI,0.000986,0.9912,0.9008,0.2764,0.95,MILD,MILD_ADJUST,0.7814,0.8353,0.9,MODERATE SYCOPHANCY — low LSTM dominance (−10%),0.2862,MILD,0.9,18.0,18.0,0.6721,11,BUY,5.549,correct,✅,2025-01-21,2025-01-27,Win7:  Bull-InaugRally    (Jan20→27-2025)
JNJ,1.0,1.0,0.0,0.02,Sideways,0.77,N/A,0.3743,OK,1.0108,0.446,NEUTRAL,0.84,0.3,0.9254,True,0.2284,1.0,log_return,0.000832,0.9909,0.8711,0.283,0.95,MILD,NO_CONFLICT,0.6533,0.8727,0.75,STRONG SYCOPHANCY — low dominance (−25%),0.2753,MILD,0.9,18.0,18.0,0.48,12,BUY,3.199,correct,✅,2025-01-21,2025-01-27,Win7:  Bull-InaugRally    (Jan20→27-2025)
NFLX,1.0,1.0,0.0,0.08,Sideways,0.845,N/A,0.5533,MINOR,1.0096,0.4521,NEUTRAL,0.9955,0.6848,1.0026,False,0.0005,0.72,vol_change,-0.002057,0.9944,0.7178,0.277,0.95,MILD,NO_CONFLICT,0.5343,0.8727,0.75,STRONG SYCOPHANCY — low dominance (−25%),0.2019,MILD,0.9,12.14,12.14,0.3014,13,BUY,11.753,correct,✅,2025-01-21,2025-01-27,Win7:  Bull-InaugRally    (Jan20→27-2025)
DIS,1.0,1.0,0.0,0.06,Sideways,0.61,N/A,0.3347,OK,1.0118,0.4412,CHAOTIC,0.9953,0.6843,1.0035,False,0.0002,0.72,log_return,-0.000987,0.9934,0.5787,0.279,0.95,MILD,NO_CONFLICT,0.434,0.8727,0.75,STRONG SYCOPHANCY — low dominance (−25%),0.2543,MILD,0.936,6.72,6.72,0.151,6,HOLD,4.269,hold,—,2025-01-21,2025-01-27,Win7:  Bull-InaugRally    (Jan20→27-2025)
CRM,1.0,1.0,0.0,0.07,Sideways,0.75,N/A,0.3294,OK,0.9901,0.5494,CHAOTIC,0.9955,0.6848,0.9928,False,0.0028,0.72,RSI,0.00075,0.9939,0.7104,0.278,0.95,MILD,NO_CONFLICT,0.5328,0.8727,0.75,STRONG SYCOPHANCY — low dominance (−25%),0.1912,MILD,0.9,12.79,12.79,0.2992,3,BUY,6.199,correct,✅,2025-01-21,2025-01-27,Win7:  Bull-InaugRally    (Jan20→27-2025)
PLTR,0.0987,0.0987,0.0987,0.3,Bear,0.73,N/A,0.502,MINOR,0.9915,0.5427,NEUTRAL,0.9355,0.6182,0.9635,True,-0.8985,1.0,sma10_dist,-0.003718,0.235,0.2264,0.3937,0.85,MODERATE,HOLD,0.306,0.887,0.75,STRONG SYCOPHANCY — low dominance (−25%),0.5153,MODERATE,0.78,0.0,2.0,-0.1567,0,SELL,3.243,wrong,❌,2025-01-21,2025-01-27,Win7:  Bull-InaugRally    (Jan20→27-2025)
AAPL,1.0,1.0,0.0,0.16,Sideways,0.76,N/A,0.3193,OK,1.0093,0.4533,CHAOTIC,0.84,0.3,0.9246,False,0.004,0.72,log_return,0.001821,0.9968,0.6636,0.269,0.95,MILD,NO_CONFLICT,0.5972,0.8459,0.9,MODERATE SYCOPHANCY — low LSTM dominance (−10%),0.1831,HARMONY,1.05,19.74,19.74,0.3959,10,BUY,12.194,correct,✅,2024-06-10,2024-06-17,Win8:  Bull-AIRally       (Jun10→17-2024)
MSFT,1.0,1.0,0.0,0.09,Sideways,0.93,N/A,0.4761,MINOR,0.8969,0.7794,SIDEWAYS,0.9354,0.6181,0.9162,False,0.0013,0.72,sma20_dist,0.001133,0.9948,0.6562,0.276,0.95,MILD,MILD_ADJUST,0.5681,0.8459,0.9,MODERATE SYCOPHANCY — low LSTM dominance (−10%),0.2104,MILD,0.936,15.66,15.66,0.3521,3,BUY,4.791,correct,✅,2024-06-10,2024-06-17,Win8:  Bull-AIRally       (Jun10→17-2024)
NVDA,0.9998,0.9998,0.0002,0.22,Bear,0.89,N/A,0.4487,MINOR,0.9926,0.5371,CHAOTIC,0.9355,0.6182,0.9641,False,0.0012,0.72,log_return,0.004644,0.9978,0.6926,0.6855,0.5,CRITICAL,NO_CONFLICT,0.6081,0.8459,0.9,MODERATE SYCOPHANCY — low LSTM dominance (−10%),0.5912,MODERATE,0.819,3.6,3.6,0.3469,2,HOLD,7.555,hold,—,2024-06-10,2024-06-17,Win8:  Bull-AIRally       (Jun10→17-2024)
TSLA,1.0,1.0,0.0,0.08,Sideways,0.855,N/A,0.948,CRITICAL,0.9859,0.5707,CHAOTIC,0.9655,0.6515,0.9757,False,0.0036,0.72,log_return,0.002529,0.9944,0.6985,0.2911,0.95,MILD,MILD_ADJUST,0.5611,0.8459,0.9,MODERATE SYCOPHANCY — low LSTM dominance (−10%),0.2031,MILD,0.8694,9.76,9.76,0.3416,5,BUY,7.854,correct,✅,2024-06-10,2024-06-17,Win8:  Bull-AIRally       (Jun10→17-2024)
META,0.3954,0.3954,0.3954,0.1,Bear,0.93,N/A,0.4764,MINOR,0.9825,0.5876,CHAOTIC,0.9355,0.6182,0.959,True,-0.5959,1.0,RSI,-0.001366,0.3212,0.308,0.3143,0.95,MILD,MILD_ADJUST,0.1889,0.9472,0.75,STRONG SYCOPHANCY — low dominance (−25%),0.5627,MODERATE,0.819,0.0,2.0,-0.3519,0,SELL,0.902,noise_w,🔍✗,2024-06-10,2024-06-17,Win8:  Bull-AIRally       (Jun10→17-2024)
GOOGL,0.9927,0.9927,0.0073,0.09,Sideways,0.94,N/A,0.4388,MINOR,1.0113,0.4435,CHAOTIC,0.9655,0.6515,0.9884,True,0.0826,1.0,vol_change,0.002782,0.9946,0.9831,0.2718,0.95,MILD,NO_CONFLICT,0.723,0.9108,0.75,STRONG SYCOPHANCY — low dominance (−25%),0.2152,MILD,0.828,16.56,16.56,0.5845,9,BUY,1.274,noise_c,🔍✓,2024-06-10,2024-06-17,Win8:  Bull-AIRally       (Jun10→17-2024)
AMZN,0.0063,0.0063,0.0063,0.08,Sideways,0.93,N/A,0.4115,MINOR,0.9039,0.7426,SIDEWAYS,0.9655,0.6515,0.9347,True,-0.956,1.0,vol_change,0.001515,0.2286,0.2137,0.3054,0.95,MILD,NO_CONFLICT,0.1913,0.8487,0.9,MODERATE SYCOPHANCY — low LSTM dominance (−10%),0.6341,MODERATE,0.78,0.0,2.0,-0.2131,0,SELL,-1.604,noise_c,🔍✓,2024-06-10,2024-06-17,Win8:  Bull-AIRally       (Jun10→17-2024)
AMD,0.0,0.0,0.0,0.14,Bear,0.68,N/A,0.8214,CRITICAL,0.9119,0.7004,SIDEWAYS,0.9355,0.6182,0.9237,True,-0.0562,1.0,log_return,0.002721,0.1746,0.2575,0.2821,0.95,MILD,SYSTEMIC_VETO,0.0579,0.8857,0.75,STRONG SYCOPHANCY — low dominance (−25%),0.5694,MODERATE,0.69,0.0,2.0,-0.5702,0,SELL,-1.21,noise_c,🔍✓,2024-06-10,2024-06-17,Win8:  Bull-AIRally       (Jun10→17-2024)
INTC,0.0083,0.0083,0.0083,0.07,Bear,0.98,N/A,0.9146,CRITICAL,1.009,0.455,CHAOTIC,0.9655,0.6515,0.9872,True,-0.942,1.0,macd_norm,-0.001149,0.168,0.1658,0.2472,0.95,MILD,SYSTEMIC_VETO,0.0373,0.8941,0.75,STRONG SYCOPHANCY — low dominance (−25%),0.4635,MODERATE,0.69,0.0,2.0,-0.6044,0,SELL,0.226,noise_w,🔍✗,2024-06-10,2024-06-17,Win8:  Bull-AIRally       (Jun10→17-2024)
ORCL,0.9999,0.9999,0.0001,0.1,Bear,0.93,N/A,0.4159,MINOR,0.9228,0.6433,SIDEWAYS,0.9655,0.6515,0.9442,False,0.0059,0.72,vol_change,0.003647,0.995,0.6764,0.665,0.5,CRITICAL,NO_CONFLICT,0.5032,0.8723,0.75,STRONG SYCOPHANCY — low dominance (−25%),0.6281,MODERATE,0.75,2.95,2.95,0.1721,2,HOLD,13.502,hold,—,2024-06-10,2024-06-17,Win8:  Bull-AIRally       (Jun10→17-2024)
SPY,1.0,1.0,0.0,0.12,Bull,0.98,N/A,0.3,OK,0.9013,0.7564,SIDEWAYS,0.95,0.5,0.9256,False,0.0028,0.72,RSI,0.002412,0.9959,0.4999,0.189,1.0,HARMONY,NO_CONFLICT,0.3749,0.8723,0.75,STRONG SYCOPHANCY — low dominance (−25%),0.0,HARMONY,0.9476,5.92,5.92,0.1249,1,HOLD,2.136,hold,—,2024-06-10,2024-06-17,Win8:  Bull-AIRally       (Jun10→17-2024)
QQQ,1.0,1.0,0.0,0.16,Bull,0.98,N/A,0.3,OK,0.9179,0.6689,SIDEWAYS,0.95,0.5,0.934,False,0.0023,0.72,vol_change,0.001863,0.9969,0.5043,0.177,1.0,HARMONY,NO_CONFLICT,0.3782,0.8723,0.75,STRONG SYCOPHANCY — low dominance (−25%),0.0,HARMONY,1.0712,6.94,6.94,0.1295,1,HOLD,4.352,hold,—,2024-06-10,2024-06-17,Win8:  Bull-AIRally       (Jun10→17-2024)
DIA,0.9395,0.9395,0.0605,0.08,Bull,0.98,N/A,0.3,OK,0.8976,0.776,SIDEWAYS,0.95,0.5,0.9238,True,-0.0599,1.0,RSI,0.004367,0.9927,0.6928,0.2101,0.95,MILD,NO_CONFLICT,0.5088,0.8972,0.75,STRONG SYCOPHANCY — low dominance (−25%),0.0175,HARMONY,1.0712,15.89,15.89,0.3123,4,HOLD,-0.182,hold,—,2024-06-10,2024-06-17,Win8:  Bull-AIRally       (Jun10→17-2024)
IWM,0.0,0.0,0.0,0.07,Sideways,0.98,N/A,0.3,OK,0.8892,0.8202,SIDEWAYS,0.95,0.5,0.9196,True,-0.5365,1.0,sma10_dist,-0.000723,0.2248,0.2067,0.306,0.95,MILD,NO_CONFLICT,0.155,0.9158,0.75,STRONG SYCOPHANCY — low dominance (−25%),0.6297,MODERATE,0.78,0.0,2.0,-0.2675,0,SELL,-0.461,noise_c,🔍✓,2024-06-10,2024-06-17,Win8:  Bull-AIRally       (Jun10→17-2024)
JPM,0.0027,0.0027,0.0027,0.06,Bear,0.63,N/A,0.3738,OK,1.0066,0.4672,CHAOTIC,1.0314,0.8046,1.019,True,-0.9843,1.0,RSI,0.002902,0.1644,0.2941,0.2434,0.95,MILD,NO_CONFLICT,0.2206,0.8935,0.75,STRONG SYCOPHANCY — low dominance (−25%),0.2151,MILD,0.828,0.0,2.0,-0.299,0,SELL,-2.32,correct,✅,2024-06-10,2024-06-17,Win8:  Bull-AIRally       (Jun10→17-2024)
BAC,0.0026,0.0026,0.0026,0.05,Sideways,0.94,N/A,0.3294,OK,0.9277,0.6172,SIDEWAYS,0.9654,0.6515,0.9466,True,-0.9204,1.0,macd_norm,0.003196,0.223,0.2111,0.2985,0.95,MILD,NO_CONFLICT,0.1583,0.8935,0.75,STRONG SYCOPHANCY — low dominance (−25%),0.5017,MODERATE,0.75,0.0,2.0,-0.2625,0,SELL,-0.403,noise_c,🔍✓,2024-06-10,2024-06-17,Win8:  Bull-AIRally       (Jun10→17-2024)
GS,0.5537,0.5537,0.4463,0.07,Sideways,0.79,N/A,0.3423,OK,1.0106,0.447,NEUTRAL,1.0314,0.8046,1.021,True,-0.4312,1.0,sma50_dist,0.004974,0.8097,0.8267,0.0236,1.0,HARMONY,MILD_ADJUST,0.527,0.8942,0.75,STRONG SYCOPHANCY — low dominance (−25%),0.2279,MILD,0.9,13.07,13.07,0.2905,2,BUY,-0.743,noise_w,🔍✗,2024-06-10,2024-06-17,Win8:  Bull-AIRally       (Jun10→17-2024)
V,0.0008,0.0008,0.0008,0.06,Sideways,0.73,N/A,0.4,OK,0.9899,0.5507,NEUTRAL,0.84,0.3,0.9149,True,-0.909,1.0,macd_norm,-0.000908,0.2237,0.2047,0.3026,0.95,MILD,NO_CONFLICT,0.1535,0.9342,0.75,STRONG SYCOPHANCY — low dominance (−25%),0.5269,MODERATE,0.75,0.0,2.0,-0.2697,0,SELL,-1.407,noise_c,🔍✓,2024-06-10,2024-06-17,Win8:  Bull-AIRally       (Jun10→17-2024)
GLD,0.9731,0.9731,0.0269,0.05,Sideways,0.96,N/A,0.3,OK,0.9908,0.5459,NEUTRAL,0.95,0.5,0.9704,True,0.1064,1.0,RSI,0.00098,0.9919,0.9626,0.2647,0.95,MILD,NO_CONFLICT,0.7219,0.9195,0.75,STRONG SYCOPHANCY — low dominance (−25%),0.3178,MILD,0.828,16.56,16.56,0.5829,7,BUY,0.501,noise_c,🔍✓,2024-06-10,2024-06-17,Win8:  Bull-AIRally       (Jun10→17-2024)
TLT,1.0,1.0,0.0,0.04,Sideways,0.98,N/A,0.3,OK,0.9012,0.7569,SIDEWAYS,0.95,0.5,0.9256,True,0.0142,1.0,sma20_dist,0.001941,0.9922,0.8725,0.281,0.95,MILD,NO_CONFLICT,0.6544,0.8933,0.75,STRONG SYCOPHANCY — low dominance (−25%),0.2814,MILD,0.9,18.0,18.0,0.4816,21,BUY,3.125,correct,✅,2024-06-10,2024-06-17,Win8:  Bull-AIRally       (Jun10→17-2024)
SLV,0.8154,0.8154,0.1846,0.03,Sideways,0.91,N/A,0.3,OK,1.0068,0.466,CHAOTIC,0.95,0.5,0.9784,True,-0.1573,1.0,vol_change,-0.003753,0.9771,0.9082,0.2131,0.95,MILD,MILD_ADJUST,0.579,0.9036,0.75,STRONG SYCOPHANCY — low dominance (−25%),0.3168,MILD,0.9,7.88,7.88,0.3685,29,BUY,-0.737,noise_w,🔍✗,2024-06-10,2024-06-17,Win8:  Bull-AIRally       (Jun10→17-2024)
XOM,0.0011,0.0011,0.0011,0.04,Sideways,0.98,N/A,0.35,OK,0.9009,0.7586,SIDEWAYS,0.9654,0.6514,0.9332,True,-0.8682,1.0,vol_change,-0.001855,0.221,0.2062,0.2964,0.95,MILD,NO_CONFLICT,0.1547,0.8645,0.75,STRONG SYCOPHANCY — low dominance (−25%),0.4624,MODERATE,0.75,0.0,2.0,-0.268,0,SELL,-4.174,correct,✅,2024-06-10,2024-06-17,Win8:  Bull-AIRally       (Jun10→17-2024)
CVX,0.0,0.0,0.0,0.03,Sideways,0.98,N/A,0.35,OK,0.9014,0.7557,SIDEWAYS,1.0313,0.8045,0.9664,True,-0.6849,1.0,vol_change,-0.0011,0.2192,0.2118,0.294,0.95,MILD,NO_CONFLICT,0.1588,0.9369,0.75,STRONG SYCOPHANCY — low dominance (−25%),0.4499,MODERATE,0.75,0.0,2.0,-0.2617,0,SELL,-2.265,correct,✅,2024-06-10,2024-06-17,Win8:  Bull-AIRally       (Jun10→17-2024)
WMT,1.0,1.0,0.0,0.05,Bear,0.94,N/A,0.3381,OK,1.0098,0.451,CHAOTIC,1.0314,0.8046,1.0206,False,0.0085,0.72,RSI,0.003225,0.9925,0.7294,0.67,0.5,CRITICAL,NO_CONFLICT,0.5471,0.9313,0.75,STRONG SYCOPHANCY — low dominance (−25%),0.7172,HIGH,0.55,3.16,3.16,0.2451,4,HOLD,0.687,hold,—,2024-06-10,2024-06-17,Win8:  Bull-AIRally       (Jun10→17-2024)
PG,0.0,0.0,0.0,0.03,Sideways,0.78,N/A,0.4723,MINOR,0.9841,0.5794,CHAOTIC,0.9954,0.6848,0.9897,True,-0.7898,1.0,RSI,0.000901,0.2192,0.217,0.294,0.95,MILD,NO_CONFLICT,0.1568,0.9002,0.75,STRONG SYCOPHANCY — low dominance (−25%),0.4669,MODERATE,0.69,0.0,2.0,-0.2648,0,SELL,0.09,noise_w,🔍✗,2024-06-10,2024-06-17,Win8:  Bull-AIRally       (Jun10→17-2024)
JNJ,0.0,0.0,0.0,0.03,Sideways,0.98,N/A,0.3743,OK,0.9037,0.7438,SIDEWAYS,0.9951,0.6837,0.9494,True,-0.9244,1.0,RSI,-0.001225,0.2192,0.2081,0.294,0.95,MILD,NO_CONFLICT,0.1561,0.9002,0.75,STRONG SYCOPHANCY — low dominance (−25%),0.45,MODERATE,0.75,0.0,2.0,-0.2659,0,SELL,-0.802,noise_c,🔍✓,2024-06-10,2024-06-17,Win8:  Bull-AIRally       (Jun10→17-2024)
NFLX,0.9995,0.9995,0.0005,0.09,Sideways,0.94,N/A,0.5533,MINOR,0.9067,0.728,SIDEWAYS,0.9655,0.6515,0.9361,True,0.1186,1.0,sma10_dist,0.003269,0.9948,0.9312,0.2757,0.95,MILD,NO_CONFLICT,0.6932,0.9155,0.75,STRONG SYCOPHANCY — low dominance (−25%),0.2117,MILD,0.9,18.0,18.0,0.5397,27,BUY,4.861,correct,✅,2024-06-10,2024-06-17,Win8:  Bull-AIRally       (Jun10→17-2024)
DIS,0.0409,0.0409,0.0409,0.05,Sideways,0.61,N/A,0.3347,OK,0.9857,0.5713,CHAOTIC,0.9655,0.6515,0.9756,True,-0.8722,1.0,RSI,0.001676,0.2378,0.3317,0.2767,0.95,MILD,NO_CONFLICT,0.2156,0.9701,0.65,EXTREME SYCOPHANCY — ensemble collapsed (−35%),0.411,MODERATE,0.78,0.0,2.0,-0.1766,0,SELL,-1.187,noise_c,🔍✓,2024-06-10,2024-06-17,Win8:  Bull-AIRally       (Jun10→17-2024)
CRM,0.0,0.0,0.0,0.09,Bear,0.98,N/A,0.3294,OK,0.9923,0.5386,CHAOTIC,0.9355,0.6182,0.9639,True,-0.9722,1.0,vol_change,-0.001487,0.1676,0.1615,0.352,0.85,MODERATE,NO_CONFLICT,0.105,0.9794,0.65,EXTREME SYCOPHANCY — ensemble collapsed (−35%),0.486,MODERATE,0.75,0.0,2.0,-0.4917,0,SELL,-4.697,correct,✅,2024-06-10,2024-06-17,Win8:  Bull-AIRally       (Jun10→17-2024)
PLTR,0.0,0.0,0.0,0.12,Bear,0.87,N/A,0.502,MINOR,0.9081,0.7208,SIDEWAYS,0.9355,0.6182,0.9218,True,-0.0174,1.0,sma20_dist,0.002038,0.1718,0.1584,0.2628,0.95,MILD,HOLD,0.2652,0.9794,0.65,EXTREME SYCOPHANCY — ensemble collapsed (−35%),0.5197,MODERATE,0.75,0.0,2.0,-0.2247,0,SELL,8.171,wrong,❌,2024-06-10,2024-06-17,Win8:  Bull-AIRally       (Jun10→17-2024)
AAPL,1.0,1.0,0.0,0.1,Sideways,0.885,N/A,0.3193,OK,0.9865,0.5677,CHAOTIC,0.9355,0.6182,0.961,True,0.0129,1.0,sma10_dist,0.001648,0.9952,0.9563,0.275,0.95,MILD,NO_CONFLICT,0.6216,0.9772,0.65,EXTREME SYCOPHANCY — ensemble collapsed (−35%),0.2044,MILD,0.828,15.2,15.2,0.4324,8,BUY,2.555,correct,✅,2024-05-13,2024-05-20,Win9:  Bull-PostCPI       (May13→20-2024)
MSFT,1.0,1.0,0.0,0.09,Bear,0.91,N/A,0.4761,MINOR,0.903,0.7476,SIDEWAYS,0.88,0.3,0.8915,True,0.0333,1.0,RSI,0.001781,0.9946,0.8867,0.666,0.5,CRITICAL,MILD_ADJUST,0.5544,0.9772,0.65,EXTREME SYCOPHANCY — ensemble collapsed (−35%),0.6255,MODERATE,0.78,5.01,5.01,0.2573,1,HOLD,2.994,hold,—,2024-05-13,2024-05-20,Win9:  Bull-PostCPI       (May13→20-2024)
NVDA,1.0,1.0,0.0,0.18,Sideways,0.91,N/A,0.4487,MINOR,0.9911,0.5444,CHAOTIC,0.9655,0.6515,0.9783,False,0.0006,0.72,sma50_dist,0.001892,0.9972,0.7024,0.3273,0.95,MILD,NO_CONFLICT,0.4454,0.9772,0.65,EXTREME SYCOPHANCY — ensemble collapsed (−35%),0.1993,MILD,0.828,3.31,3.31,0.1682,3,HOLD,4.846,hold,—,2024-05-13,2024-05-20,Win9:  Bull-PostCPI       (May13→20-2024)
TSLA,1.0,1.0,0.0,0.07,Bear,0.98,N/A,0.948,CRITICAL,0.9879,0.5605,CHAOTIC,0.9355,0.6182,0.9617,True,0.0418,1.0,sma10_dist,0.003647,0.9937,0.9556,0.768,0.5,CRITICAL,MILD_ADJUST,0.4969,0.9772,0.65,EXTREME SYCOPHANCY — ensemble collapsed (−35%),0.6479,MODERATE,0.78,1.57,1.57,0.1615,0,HOLD,1.78,hold,—,2024-05-13,2024-05-20,Win9:  Bull-PostCPI       (May13→20-2024)
META,0.9998,0.9998,0.0002,0.11,Sideways,0.83,N/A,0.4764,MINOR,0.9822,0.5889,CHAOTIC,0.9655,0.6515,0.9738,True,0.3932,1.0,log_return,0.002651,0.9955,0.9695,0.309,0.95,MILD,MILD_ADJUST,0.6061,0.9772,0.65,EXTREME SYCOPHANCY — ensemble collapsed (−35%),0.197,MILD,0.828,8.04,8.04,0.4091,1,BUY,0.177,noise_c,🔍✓,2024-05-13,2024-05-20,Win9:  Bull-PostCPI       (May13→20-2024)
GOOGL,1.0,1.0,0.0,0.08,Sideways,0.91,N/A,0.4388,MINOR,1.0113,0.4436,CHAOTIC,0.9655,0.6515,0.9884,False,0.0027,0.72,RSI,0.001136,0.9944,0.7076,0.2956,0.95,MILD,NO_CONFLICT,0.451,0.9772,0.65,EXTREME SYCOPHANCY — ensemble collapsed (−35%),0.2094,MILD,0.936,5.08,5.08,0.1766,3,HOLD,4.6,hold,—,2024-05-13,2024-05-20,Win9:  Bull-PostCPI       (May13→20-2024)
AMZN,0.0,0.0,0.0,0.09,Bear,0.88,N/A,0.4115,MINOR,0.9822,0.5892,NEUTRAL,0.9955,0.6848,0.9889,True,-0.4741,1.0,sma10_dist,-0.001447,0.1676,0.1657,0.252,0.95,MILD,NO_CONFLICT,0.1236,0.9248,0.75,STRONG SYCOPHANCY — low dominance (−25%),0.5025,MODERATE,0.78,0.0,2.0,-0.4607,0,SELL,-1.624,noise_c,🔍✓,2024-05-13,2024-05-20,Win9:  Bull-PostCPI       (May13→20-2024)
AMD,1.0,1.0,0.0,0.13,Bear,0.98,N/A,0.8214,CRITICAL,0.9865,0.5676,NEUTRAL,0.9655,0.6515,0.976,True,0.0101,1.0,sma20_dist,-0.000453,0.996,0.9721,0.7013,0.5,CRITICAL,MILD_ADJUST,0.5055,0.9638,0.65,EXTREME SYCOPHANCY — ensemble collapsed (−35%),0.633,MODERATE,0.69,1.52,1.52,0.1758,1,HOLD,10.474,hold,—,2024-05-13,2024-05-20,Win9:  Bull-PostCPI       (May13→20-2024)
INTC,1.0,1.0,0.0,0.06,Bear,0.98,N/A,0.9146,CRITICAL,1.0094,0.453,CHAOTIC,0.9355,0.6182,0.9725,True,0.0164,1.0,macd_norm,0.003146,0.9931,0.9658,0.6858,0.5,CRITICAL,MILD_ADJUST,0.5022,0.9638,0.65,EXTREME SYCOPHANCY — ensemble collapsed (−35%),0.7571,HIGH,0.4301,1.22,1.22,0.1703,4,HOLD,5.211,hold,—,2024-05-13,2024-05-20,Win9:  Bull-PostCPI       (May13→20-2024)
ORCL,1.0,1.0,0.0,0.07,Sideways,0.98,N/A,0.4159,MINOR,0.9853,0.5737,CHAOTIC,1.0255,0.7182,1.0054,False,0.0025,0.72,vol_change,0.001089,0.9939,0.7195,0.278,0.95,MILD,NO_CONFLICT,0.464,0.9638,0.65,EXTREME SYCOPHANCY — ensemble collapsed (−35%),0.2179,MILD,0.7038,6.55,6.55,0.196,5,HOLD,7.004,hold,—,2024-05-13,2024-05-20,Win9:  Bull-PostCPI       (May13→20-2024)
SPY,1.0,1.0,0.0,0.13,Sideways,0.98,N/A,0.3,OK,0.9144,0.6873,SIDEWAYS,0.95,0.5,0.9322,True,0.1674,1.0,macd_norm,0.001657,0.9961,0.9286,0.272,0.95,MILD,NO_CONFLICT,0.6036,0.9638,0.65,EXTREME SYCOPHANCY — ensemble collapsed (−35%),0.2114,MILD,0.9,17.33,17.33,0.4054,3,BUY,1.757,correct,✅,2024-05-13,2024-05-20,Win9:  Bull-PostCPI       (May13→20-2024)
QQQ,1.0,1.0,0.0,0.15,Sideways,0.94,N/A,0.3,OK,0.9096,0.7125,SIDEWAYS,0.95,0.5,0.9298,True,0.1372,1.0,macd_norm,0.000586,0.9966,0.9267,0.27,0.95,MILD,NO_CONFLICT,0.6024,0.9638,0.65,EXTREME SYCOPHANCY — ensemble collapsed (−35%),0.2053,MILD,0.936,17.94,17.94,0.4035,4,BUY,2.67,correct,✅,2024-05-13,2024-05-20,Win9:  Bull-PostCPI       (May13→20-2024)
DIA,1.0,1.0,0.0,0.1,Bull,0.98,N/A,0.3,OK,0.8989,0.7688,SIDEWAYS,0.95,0.5,0.9244,True,0.0345,1.0,RSI,0.000182,0.9953,0.6933,0.195,1.0,HARMONY,NO_CONFLICT,0.4506,0.9638,0.65,EXTREME SYCOPHANCY — ensemble collapsed (−35%),0.0,HARMONY,1.0712,12.37,12.37,0.2309,3,HOLD,1.073,hold,—,2024-05-13,2024-05-20,Win9:  Bull-PostCPI       (May13→20-2024)
IWM,0.9999,0.9999,0.0001,0.12,Sideways,0.86,N/A,0.3,OK,0.8976,0.7758,SIDEWAYS,0.95,0.5,0.9238,True,0.014,1.0,vol_change,0.000446,0.9958,0.9199,0.2729,0.95,MILD,NO_CONFLICT,0.5979,0.9638,0.65,EXTREME SYCOPHANCY — ensemble collapsed (−35%),0.1994,MILD,0.936,17.65,17.65,0.3969,8,BUY,1.856,correct,✅,2024-05-13,2024-05-20,Win9:  Bull-PostCPI       (May13→20-2024)
JPM,0.0646,0.0646,0.0646,0.09,Bear,0.89,N/A,0.3738,OK,0.988,0.5599,CHAOTIC,0.88,0.3,0.934,True,-0.9225,1.0,RSI,-0.002369,0.1925,0.1798,0.2617,0.95,MILD,NO_CONFLICT,0.1134,0.9641,0.65,EXTREME SYCOPHANCY — ensemble collapsed (−35%),0.3753,MODERATE,0.78,0.0,2.0,-0.4776,0,SELL,-1.585,noise_c,🔍✓,2024-05-13,2024-05-20,Win9:  Bull-PostCPI       (May13→20-2024)
BAC,1.0,1.0,0.0,0.08,Bear,0.93,N/A,0.3294,OK,0.9247,0.6333,SIDEWAYS,1.0014,0.7713,0.963,False,0.0046,0.72,sma20_dist,-0.001275,0.9941,0.6893,0.667,0.5,CRITICAL,NO_CONFLICT,0.517,0.9254,0.75,STRONG SYCOPHANCY — low dominance (−25%),0.6332,MODERATE,0.75,3.66,3.66,0.195,10,HOLD,1.596,hold,—,2024-05-13,2024-05-20,Win9:  Bull-PostCPI       (May13→20-2024)
GS,0.5283,0.5283,0.4717,0.09,Sideways,0.75,N/A,0.3423,OK,0.9919,0.5405,CHAOTIC,1.0014,0.7713,0.9967,True,-0.4618,1.0,sma50_dist,-0.001537,0.7834,0.7808,0.0262,1.0,HARMONY,MILD_ADJUST,0.4314,0.97,0.65,EXTREME SYCOPHANCY — ensemble collapsed (−35%),0.1702,MILD,0.828,6.09,6.09,0.1471,1,HOLD,2.068,hold,—,2024-05-13,2024-05-20,Win9:  Bull-PostCPI       (May13→20-2024)
V,0.0175,0.0175,0.0175,0.08,Sideways,0.82,N/A,0.4,OK,0.9927,0.5366,NEUTRAL,0.9655,0.6515,0.9791,True,-0.4287,1.0,RSI,0.002038,0.2329,0.2281,0.299,0.95,MILD,NO_CONFLICT,0.1483,0.9767,0.65,EXTREME SYCOPHANCY — ensemble collapsed (−35%),0.6425,MODERATE,0.78,0.0,2.0,-0.2776,0,SELL,-0.12,noise_c,🔍✓,2024-05-13,2024-05-20,Win9:  Bull-PostCPI       (May13→20-2024)
GLD,0.9999,0.9999,0.0001,0.08,Sideways,0.82,N/A,0.3,OK,1.0121,0.4395,NEUTRAL,0.95,0.5,0.981,False,0.0084,0.72,vol_change,0.001285,0.9943,0.7024,0.277,0.95,MILD,NO_CONFLICT,0.4566,1.0,0.65,EXTREME SYCOPHANCY — ensemble collapsed (−35%),0.199,MILD,0.828,7.27,7.27,0.1848,3,HOLD,3.838,hold,—,2024-05-13,2024-05-20,Win9:  Bull-PostCPI       (May13→20-2024)
TLT,1.0,1.0,0.0,0.1,Bull,0.31,N/A,0.3,OK,0.9132,0.6936,SIDEWAYS,0.95,0.5,0.9316,True,0.0662,1.0,macd_norm,0.001855,0.9953,0.538,0.195,1.0,HARMONY,NO_CONFLICT,0.3497,1.0,0.65,EXTREME SYCOPHANCY — ensemble collapsed (−35%),0.0,HARMONY,1.04,4.66,4.66,0.0896,5,HOLD,0.852,hold,—,2024-05-13,2024-05-20,Win9:  Bull-PostCPI       (May13→20-2024)
SLV,1.0,1.0,0.0,0.06,Bear,0.87,N/A,0.3,OK,1.0101,0.4493,NEUTRAL,0.95,0.5,0.98,False,0.0075,0.72,vol_change,0.002429,0.9931,0.7008,0.669,0.5,CRITICAL,NO_CONFLICT,0.4555,1.0,0.65,EXTREME SYCOPHANCY — ensemble collapsed (−35%),0.7377,HIGH,0.572,1.11,1.11,0.0925,4,HOLD,12.326,hold,—,2024-05-13,2024-05-20,Win9:  Bull-PostCPI       (May13→20-2024)
XOM,0.4691,0.4691,0.4691,0.05,Sideways,0.86,N/A,0.35,OK,1.013,0.4352,NEUTRAL,0.88,0.3,0.9465,True,-0.5237,1.0,vol_change,0.001618,0.4843,0.4584,0.0326,1.0,HARMONY,MILD_ADJUST,0.2532,0.975,0.65,EXTREME SYCOPHANCY — ensemble collapsed (−35%),0.0,HARMONY,0.92,0.0,2.0,-0.1201,0,SELL,1.462,noise_w,🔍✗,2024-05-13,2024-05-20,Win9:  Bull-PostCPI       (May13→20-2024)
CVX,0.0,0.0,0.0,0.04,Sideways,0.94,N/A,0.35,OK,0.929,0.6106,SIDEWAYS,0.9954,0.6845,0.9622,True,-0.8293,1.0,macd_norm,-0.002536,0.2206,0.2123,0.297,0.95,MILD,NO_CONFLICT,0.138,0.9763,0.65,EXTREME SYCOPHANCY — ensemble collapsed (−35%),0.4674,MODERATE,0.78,0.0,2.0,-0.293,0,SELL,-1.071,noise_c,🔍✓,2024-05-13,2024-05-20,Win9:  Bull-PostCPI       (May13→20-2024)
WMT,0.9999,0.9999,0.0001,0.06,Sideways,0.94,N/A,0.3381,OK,0.9892,0.5539,CHAOTIC,0.9324,0.6081,0.9608,False,0.0022,0.72,macd_norm,0.001342,0.9934,0.6872,0.279,0.95,MILD,NO_CONFLICT,0.4467,0.9696,0.65,EXTREME SYCOPHANCY — ensemble collapsed (−35%),0.2828,MILD,0.9,7.27,7.27,0.17,12,HOLD,6.241,hold,—,2024-05-13,2024-05-20,Win9:  Bull-PostCPI       (May13→20-2024)
PG,0.4722,0.4722,0.4722,0.04,Bull,0.98,N/A,0.4723,MINOR,0.9247,0.6331,SIDEWAYS,0.9639,0.6462,0.9443,True,-0.5142,1.0,macd_norm,0.002324,0.4949,0.4673,0.3249,0.95,MILD,MILD_ADJUST,0.2582,0.9692,0.65,EXTREME SYCOPHANCY — ensemble collapsed (−35%),0.2999,MILD,0.927,0.0,2.0,-0.0385,0,SELL,0.868,noise_w,🔍✗,2024-05-13,2024-05-20,Win9:  Bull-PostCPI       (May13→20-2024)
JNJ,1.0,1.0,0.0,0.04,Sideways,0.77,N/A,0.3743,OK,0.9307,0.6015,SIDEWAYS,0.9953,0.6842,0.963,True,0.0135,1.0,RSI,0.002137,0.9922,0.9077,0.281,0.95,MILD,NO_CONFLICT,0.6808,0.9442,0.75,STRONG SYCOPHANCY — low dominance (−25%),0.2732,MILD,0.9,18.0,18.0,0.5212,12,BUY,0.842,noise_c,🔍✓,2024-05-13,2024-05-20,Win9:  Bull-PostCPI       (May13→20-2024)
NFLX,0.9998,0.9998,0.0002,0.09,Bear,0.87,N/A,0.5533,MINOR,1.0054,0.4732,CHAOTIC,0.9955,0.6848,1.0005,True,0.0266,1.0,sma50_dist,0.002469,0.9946,0.995,0.6947,0.5,CRITICAL,MILD_ADJUST,0.689,0.9442,0.75,STRONG SYCOPHANCY — low dominance (−25%),0.6152,MODERATE,0.75,4.92,4.92,0.4817,7,HOLD,3.93,hold,—,2024-05-13,2024-05-20,Win9:  Bull-PostCPI       (May13→20-2024)
DIS,0.0,0.0,0.0,0.06,Bear,0.73,N/A,0.3347,OK,0.9241,0.6364,SIDEWAYS,0.84,0.3,0.8821,True,-0.0319,1.0,sma10_dist,-0.001883,0.1634,0.1441,0.2564,0.95,MILD,NO_CONFLICT,0.0937,0.9526,0.65,EXTREME SYCOPHANCY — ensemble collapsed (−35%),0.2068,MILD,0.828,0.0,2.0,-0.5106,0,SELL,-2.769,correct,✅,2024-05-13,2024-05-20,Win9:  Bull-PostCPI       (May13→20-2024)
CRM,0.9999,0.9999,0.0001,0.08,Sideways,0.85,N/A,0.3294,OK,0.9891,0.5544,CHAOTIC,0.86,0.3,0.9245,True,0.1615,1.0,vol_change,0.001123,0.9943,0.9193,0.277,0.95,MILD,NO_CONFLICT,0.5975,1.0,0.65,EXTREME SYCOPHANCY — ensemble collapsed (−35%),0.2026,MILD,0.936,14.88,14.88,0.3963,5,BUY,3.441,correct,✅,2024-05-13,2024-05-20,Win9:  Bull-PostCPI       (May13→20-2024)
PLTR,1.0,1.0,0.0,0.1,Bear,0.98,N/A,0.502,MINOR,0.9046,0.7392,SIDEWAYS,0.9355,0.6182,0.9201,False,0.0035,0.72,sma50_dist,0.00323,0.995,0.6591,0.7531,0.5,CRITICAL,MILD_ADJUST,0.4066,1.0,0.65,EXTREME SYCOPHANCY — ensemble collapsed (−35%),0.6403,MODERATE,0.78,0.0,0.0,0.011,0,HOLD,3.247,hold,—,2024-05-13,2024-05-20,Win9:  Bull-PostCPI       (May13→20-2024)
AAPL,0.9999,0.9999,0.0001,-0.08,Sideways,0.69,N/A,0.3193,OK,1.0085,0.4577,CHAOTIC,0.9954,0.6845,1.0019,False,0.0046,0.72,sma10_dist,0.001213,0.9791,0.5992,0.3089,0.95,MILD,NO_CONFLICT,0.3895,1.0,0.65,EXTREME SYCOPHANCY — ensemble collapsed (−35%),0.4705,MODERATE,0.69,2.76,2.76,0.0842,1,HOLD,1.685,hold,—,2024-12-16,2024-12-23,Win10: Bear-FedHawk       (Dec16→23-2024)
MSFT,0.0,0.0,0.0,-0.1,Sideways,0.98,N/A,0.4761,MINOR,0.9281,0.6151,SIDEWAYS,0.9655,0.6515,0.9468,True,-0.0519,1.0,sma10_dist,-0.000932,0.201,0.1903,0.275,0.95,MILD,NO_CONFLICT,0.119,1.0,0.65,EXTREME SYCOPHANCY — ensemble collapsed (−35%),0.3661,MODERATE,0.75,0.0,2.0,-0.3215,0,SELL,-3.618,correct,✅,2024-12-16,2024-12-23,Win10: Bear-FedHawk       (Dec16→23-2024)
NVDA,1.0,1.0,0.0,-0.14,Sideways,0.83,N/A,0.4487,MINOR,0.9254,0.6292,SIDEWAYS,0.9655,0.6515,0.9455,True,0.0175,1.0,sma20_dist,0.001831,0.9668,0.5257,0.3408,0.95,MILD,HOLD,0.312,1.0,0.65,EXTREME SYCOPHANCY — ensemble collapsed (−35%),0.4801,MODERATE,0.75,0.0,0.0,-0.032,0,HOLD,5.811,hold,—,2024-12-16,2024-12-23,Win10: Bear-FedHawk       (Dec16→23-2024)
TSLA,0.0037,0.0037,0.0037,-0.09,Bear,0.89,N/A,0.948,CRITICAL,1.0118,0.4408,CHAOTIC,0.9655,0.6515,0.9887,True,-0.7856,1.0,macd_norm,0.005108,0.1438,0.1536,0.2285,0.95,MILD,SYSTEMIC_VETO,0.03,0.9885,0.65,EXTREME SYCOPHANCY — ensemble collapsed (−35%),0.0975,HARMONY,1.0,0.0,2.0,-0.6167,0,SELL,-7.002,correct,✅,2024-12-16,2024-12-23,Win10: Bear-FedHawk       (Dec16→23-2024)
META,0.0,0.0,0.0,-0.11,Bear,0.94,N/A,0.4764,MINOR,0.9827,0.5863,CHAOTIC,0.9655,0.6515,0.9741,True,-0.1991,1.0,macd_norm,-0.003217,0.1396,0.1469,0.192,1.0,HARMONY,NO_CONFLICT,0.0918,0.9916,0.65,EXTREME SYCOPHANCY — ensemble collapsed (−35%),0.1003,HARMONY,1.092,0.0,2.0,-0.5136,0,SELL,-3.907,correct,✅,2024-12-16,2024-12-23,Win10: Bear-FedHawk       (Dec16→23-2024)
GOOGL,0.1129,0.1129,0.1129,-0.09,Bear,0.89,N/A,0.4388,MINOR,0.9297,0.607,SIDEWAYS,0.9955,0.6848,0.9626,True,-0.692,1.0,sma10_dist,0.001231,0.1859,0.1932,0.229,0.95,MILD,MILD_ADJUST,0.1076,0.9566,0.65,EXTREME SYCOPHANCY — ensemble collapsed (−35%),0.0184,HARMONY,1.092,0.0,2.0,-0.4873,0,SELL,-1.032,noise_c,🔍✓,2024-12-16,2024-12-23,Win10: Bear-FedHawk       (Dec16→23-2024)
AMZN,0.0,0.0,0.0,-0.1,Bear,0.94,N/A,0.4115,MINOR,1.0093,0.4537,CHAOTIC,0.9655,0.6515,0.9874,True,-0.8783,1.0,sma20_dist,-0.002495,0.141,0.1504,0.195,1.0,HARMONY,NO_CONFLICT,0.0972,0.9745,0.65,EXTREME SYCOPHANCY — ensemble collapsed (−35%),0.1013,HARMONY,1.092,0.0,2.0,-0.5047,0,SELL,-3.379,correct,✅,2024-12-16,2024-12-23,Win10: Bear-FedHawk       (Dec16→23-2024)
AMD,0.0076,0.0076,0.0076,-0.15,Bear,0.98,N/A,0.8214,CRITICAL,1.0074,0.4632,CHAOTIC,0.9655,0.6515,0.9865,True,-0.9249,1.0,sma20_dist,-0.001187,0.1369,0.1459,0.1886,1.0,HARMONY,SYSTEMIC_VETO,0.0285,0.958,0.65,EXTREME SYCOPHANCY — ensemble collapsed (−35%),0.0816,HARMONY,1.092,0.0,2.0,-0.6192,0,SELL,-1.65,noise_c,🔍✓,2024-12-16,2024-12-23,Win10: Bear-FedHawk       (Dec16→23-2024)
INTC,0.0,0.0,0.0,-0.12,Bear,0.98,N/A,0.9146,CRITICAL,0.9873,0.5634,CHAOTIC,0.9655,0.6515,0.9764,True,-0.1051,1.0,log_return,-0.004975,0.1382,0.1457,0.2077,0.95,MILD,SYSTEMIC_VETO,0.0284,0.9692,0.65,EXTREME SYCOPHANCY — ensemble collapsed (−35%),0.0978,HARMONY,1.092,0.0,2.0,-0.6193,0,SELL,-3.024,correct,✅,2024-12-16,2024-12-23,Win10: Bear-FedHawk       (Dec16→23-2024)
ORCL,0.0033,0.0033,0.0033,-0.08,Bear,0.68,N/A,0.4159,MINOR,0.9182,0.6672,SIDEWAYS,0.9655,0.6515,0.9419,True,-0.5577,1.0,RSI,0.002097,0.1451,0.2511,0.2117,0.95,MILD,NO_CONFLICT,0.1619,0.9515,0.65,EXTREME SYCOPHANCY — ensemble collapsed (−35%),0.1095,HARMONY,1.092,0.0,2.0,-0.3968,0,SELL,-1.221,noise_c,🔍✓,2024-12-16,2024-12-23,Win10: Bear-FedHawk       (Dec16→23-2024)
SPY,0.002,0.002,0.002,-0.12,Bull,0.98,N/A,0.3,OK,0.9266,0.6232,SIDEWAYS,0.95,0.5,0.9383,True,-0.6677,1.0,sma20_dist,-0.000693,0.244,0.2289,0.6615,0.5,CRITICAL,NO_CONFLICT,0.1488,0.9801,0.65,EXTREME SYCOPHANCY — ensemble collapsed (−35%),0.7022,HIGH,0.6186,0.0,2.0,-0.1917,0,SELL,-1.664,correct,✅,2024-12-16,2024-12-23,Win10: Bear-FedHawk       (Dec16→23-2024)
QQQ,0.0,0.0,0.0,-0.16,Sideways,0.98,N/A,0.3,OK,0.9916,0.5418,CHAOTIC,0.95,0.5,0.9708,True,-0.6388,1.0,sma20_dist,-0.001075,0.1926,0.187,0.269,0.95,MILD,NO_CONFLICT,0.1216,0.9668,0.65,EXTREME SYCOPHANCY — ensemble collapsed (−35%),0.3511,MODERATE,0.7245,0.0,2.0,-0.3177,0,SELL,-2.686,correct,✅,2024-12-16,2024-12-23,Win10: Bear-FedHawk       (Dec16→23-2024)
DIA,0.0,0.0,0.0,-0.1,Bull,0.98,N/A,0.3,OK,0.9881,0.5597,CHAOTIC,0.95,0.5,0.969,True,-0.1974,1.0,vol_change,-0.002051,0.246,0.2384,0.665,0.5,CRITICAL,NO_CONFLICT,0.155,0.9668,0.65,EXTREME SYCOPHANCY — ensemble collapsed (−35%),0.7088,HIGH,0.5948,0.0,2.0,-0.1831,0,SELL,-1.88,correct,✅,2024-12-16,2024-12-23,Win10: Bear-FedHawk       (Dec16→23-2024)
IWM,0.0,0.0,0.0,-0.14,Sideways,0.88,N/A,0.3,OK,0.9059,0.7321,SIDEWAYS,0.95,0.5,0.928,True,-0.881,1.0,macd_norm,-0.002427,0.1954,0.1813,0.271,0.95,MILD,NO_CONFLICT,0.1178,0.9668,0.65,EXTREME SYCOPHANCY — ensemble collapsed (−35%),0.353,MODERATE,0.7245,0.0,2.0,-0.3232,0,SELL,-5.278,correct,✅,2024-12-16,2024-12-23,Win10: Bear-FedHawk       (Dec16→23-2024)
JPM,0.0333,0.0333,0.0333,-0.07,Sideways,0.77,N/A,0.3738,OK,1.0104,0.4482,CHAOTIC,0.9655,0.6515,0.9879,True,-0.9109,1.0,RSI,-0.002196,0.218,0.2154,0.259,0.95,MILD,NO_CONFLICT,0.1615,0.9249,0.75,STRONG SYCOPHANCY — low dominance (−25%),0.2802,MILD,0.9,0.0,2.0,-0.2577,0,SELL,-0.497,noise_c,🔍✓,2024-12-16,2024-12-23,Win10: Bear-FedHawk       (Dec16→23-2024)
BAC,0.0,0.0,0.0,-0.08,Sideways,0.77,N/A,0.3294,OK,1.0079,0.4604,CHAOTIC,0.9655,0.6515,0.9867,True,-0.1525,1.0,log_return,0.001684,0.2038,0.2011,0.277,0.95,MILD,NO_CONFLICT,0.1508,0.9326,0.75,STRONG SYCOPHANCY — low dominance (−25%),0.3671,MODERATE,0.75,0.0,2.0,-0.2738,0,SELL,-3.475,correct,✅,2024-12-16,2024-12-23,Win10: Bear-FedHawk       (Dec16→23-2024)
GS,0.0001,0.0001,0.0001,-0.07,Sideways,0.93,N/A,0.3423,OK,1.009,0.4548,CHAOTIC,0.9655,0.6515,0.9872,True,-0.9679,1.0,sma10_dist,0.001426,0.2052,0.2026,0.278,0.95,MILD,NO_CONFLICT,0.152,0.9326,0.75,STRONG SYCOPHANCY — low dominance (−25%),0.3732,MODERATE,0.75,0.0,2.0,-0.2721,0,SELL,-2.652,correct,✅,2024-12-16,2024-12-23,Win10: Bear-FedHawk       (Dec16→23-2024)
V,0.9967,0.9967,0.0033,-0.06,Sideways,0.6,N/A,0.4,OK,1.0084,0.4582,CHAOTIC,1.0314,0.8046,1.0199,True,0.3232,1.0,log_return,-0.002782,0.982,0.8049,0.3011,0.95,MILD,NO_CONFLICT,0.6037,0.9372,0.75,STRONG SYCOPHANCY — low dominance (−25%),0.2584,MILD,0.9,17.34,17.34,0.4055,5,BUY,0.421,noise_c,🔍✓,2024-12-16,2024-12-23,Win10: Bear-FedHawk       (Dec16→23-2024)
GLD,0.0,0.0,0.0,-0.06,Sideways,0.98,N/A,0.3,OK,0.9249,0.6323,SIDEWAYS,0.95,0.5,0.9375,True,-0.9918,1.0,sma10_dist,-0.002363,0.2066,0.1937,0.279,0.95,MILD,NO_CONFLICT,0.1453,0.9123,0.75,STRONG SYCOPHANCY — low dominance (−25%),0.5317,MODERATE,0.75,0.0,2.0,-0.2821,0,SELL,-1.601,noise_c,🔍✓,2024-12-16,2024-12-23,Win10: Bear-FedHawk       (Dec16→23-2024)
TLT,0.0,0.0,0.0,-0.14,Sideways,0.93,N/A,0.3,OK,0.9914,0.5428,NEUTRAL,0.95,0.5,0.9707,True,-0.164,1.0,macd_norm,-0.001236,0.1954,0.1897,0.271,0.95,MILD,NO_CONFLICT,0.1423,0.9123,0.75,STRONG SYCOPHANCY — low dominance (−25%),0.3545,MODERATE,0.69,0.0,2.0,-0.2866,0,SELL,-2.853,correct,✅,2024-12-16,2024-12-23,Win10: Bear-FedHawk       (Dec16→23-2024)
SLV,0.0,0.0,0.0,-0.08,Bear,0.72,N/A,0.3,OK,0.9095,0.7131,SIDEWAYS,0.95,0.5,0.9297,True,-0.1425,1.0,macd_norm,-0.002325,0.1438,0.1444,0.201,0.95,MILD,NO_CONFLICT,0.1083,0.9123,0.75,STRONG SYCOPHANCY — low dominance (−25%),0.114,HARMONY,1.0,0.0,2.0,-0.4862,0,SELL,-2.914,noise_c,🔍✓,2024-12-16,2024-12-23,Win10: Bear-FedHawk       (Dec16→23-2024)
XOM,0.0,0.0,0.0,-0.05,Sideways,0.88,N/A,0.35,OK,1.008,0.46,CHAOTIC,0.9654,0.6514,0.9867,True,-0.192,1.0,sma20_dist,-0.001132,0.208,0.2052,0.28,0.95,MILD,NO_CONFLICT,0.1539,0.9123,0.75,STRONG SYCOPHANCY — low dominance (−25%),0.4898,MODERATE,0.78,0.0,2.0,-0.2692,0,SELL,-2.001,correct,✅,2024-12-16,2024-12-23,Win10: Bear-FedHawk       (Dec16→23-2024)
CVX,0.0,0.0,0.0,-0.04,Sideways,0.86,N/A,0.35,OK,1.0087,0.4564,CHAOTIC,0.9654,0.6513,0.987,True,-0.2328,1.0,sma20_dist,-0.001235,0.2094,0.2067,0.281,0.95,MILD,NO_CONFLICT,0.155,0.9123,0.75,STRONG SYCOPHANCY — low dominance (−25%),0.4744,MODERATE,0.69,0.0,2.0,-0.2675,0,SELL,-4.278,correct,✅,2024-12-16,2024-12-23,Win10: Bear-FedHawk       (Dec16→23-2024)
WMT,0.0,0.0,0.0,-0.04,Sideways,0.94,N/A,0.3381,OK,1.012,0.4398,CHAOTIC,0.9654,0.6514,0.9887,True,-0.3116,1.0,RSI,-0.001845,0.2094,0.207,0.281,0.95,MILD,NO_CONFLICT,0.1552,0.9123,0.75,STRONG SYCOPHANCY — low dominance (−25%),0.4674,MODERATE,0.69,0.0,2.0,-0.2671,0,SELL,-4.764,correct,✅,2024-12-16,2024-12-23,Win10: Bear-FedHawk       (Dec16→23-2024)
PG,1.0,1.0,0.0,-0.03,Sideways,0.74,N/A,0.4723,MINOR,0.9161,0.6784,SIDEWAYS,0.965,0.6499,0.9405,False,0.0006,0.72,log_return,0.001045,0.9861,0.6344,0.294,0.95,MILD,MILD_ADJUST,0.4586,0.9249,0.75,STRONG SYCOPHANCY — low dominance (−25%),0.2734,MILD,0.9,8.03,8.03,0.1879,4,HOLD,-1.77,hold,—,2024-12-16,2024-12-23,Win10: Bear-FedHawk       (Dec16→23-2024)
JNJ,0.9997,0.9997,0.0003,-0.02,Sideways,0.82,N/A,0.3743,OK,1.01,0.4498,NEUTRAL,0.92,0.3,0.965,True,0.0529,1.0,macd_norm,-0.00091,0.9872,0.9051,0.2909,0.95,MILD,NO_CONFLICT,0.6788,0.9249,0.75,STRONG SYCOPHANCY — low dominance (−25%),0.2764,MILD,0.9,18.0,18.0,0.5182,12,BUY,0.987,noise_c,🔍✓,2024-12-16,2024-12-23,Win10: Bear-FedHawk       (Dec16→23-2024)
NFLX,0.0069,0.0069,0.0069,-0.09,Bear,0.94,N/A,0.5533,MINOR,1.0134,0.4329,NEUTRAL,1.0314,0.8046,1.0224,True,-0.5139,1.0,macd_norm,0.001178,0.145,0.1602,0.199,1.0,HARMONY,NO_CONFLICT,0.1109,0.8798,0.75,STRONG SYCOPHANCY — low dominance (−25%),0.0896,HARMONY,1.0,0.0,2.0,-0.4818,0,SELL,-1.046,noise_c,🔍✓,2024-12-16,2024-12-23,Win10: Bear-FedHawk       (Dec16→23-2024)
DIS,0.0,0.0,0.0,-0.07,Bear,0.86,N/A,0.3347,OK,1.0088,0.456,CHAOTIC,0.84,0.3,0.9244,True,-0.3556,1.0,log_return,0.001973,0.1452,0.145,0.204,0.95,MILD,NO_CONFLICT,0.1087,0.9036,0.75,STRONG SYCOPHANCY — low dominance (−25%),0.108,HARMONY,1.04,0.0,2.0,-0.4854,0,SELL,-0.633,noise_c,🔍✓,2024-12-16,2024-12-23,Win10: Bear-FedHawk       (Dec16→23-2024)
CRM,0.0,0.0,0.0,-0.09,Bear,0.89,N/A,0.3294,OK,1.0118,0.441,CHAOTIC,1.0486,0.8621,1.0302,True,-0.7593,1.0,sma10_dist,-0.001321,0.1424,0.1584,0.2255,0.95,MILD,NO_CONFLICT,0.1188,0.9036,0.75,STRONG SYCOPHANCY — low dominance (−25%),0.1044,HARMONY,1.04,0.0,2.0,-0.4687,0,SELL,-3.902,correct,✅,2024-12-16,2024-12-23,Win10: Bear-FedHawk       (Dec16→23-2024)
PLTR,0.0,0.0,0.0,-0.1,Bear,0.89,N/A,0.502,MINOR,1.0123,0.4385,CHAOTIC,0.9655,0.6515,0.9889,True,-0.0149,1.0,macd_norm,0.002343,0.141,0.1506,0.2612,0.95,MILD,NO_CONFLICT,0.1072,0.9036,0.75,STRONG SYCOPHANCY — low dominance (−25%),0.1033,MILD,0.936,0.0,2.0,-0.488,0,SELL,6.521,wrong,❌,2024-12-16,2024-12-23,Win10: Bear-FedHawk       (Dec16→23-2024)
AAPL,0.0007,0.0007,0.0007,-0.06,Bear,0.98,N/A,0.3193,OK,0.9222,0.6461,SIDEWAYS,1.0254,0.7182,0.9738,True,-0.4639,1.0,sma10_dist,-0.001316,0.1469,0.1545,0.2071,0.95,MILD,NO_CONFLICT,0.1159,0.9036,0.75,STRONG SYCOPHANCY — low dominance (−25%),0.1773,MILD,0.936,0.0,2.0,-0.4735,0,SELL,-0.048,noise_c,🔍✓,2025-02-03,2025-02-10,Win11: Bear-DeepSeek      (Feb03→10-2025)
MSFT,0.0,0.0,0.0,-0.09,Bear,0.98,N/A,0.4761,MINOR,0.9068,0.7275,SIDEWAYS,0.9655,0.6515,0.9362,True,-0.2263,1.0,vol_change,0.002695,0.1424,0.144,0.2008,0.95,MILD,NO_CONFLICT,0.1039,0.9036,0.75,STRONG SYCOPHANCY — low dominance (−25%),0.1009,MILD,0.9,0.0,2.0,-0.4935,0,SELL,0.316,noise_w,🔍✗,2025-02-03,2025-02-10,Win11: Bear-DeepSeek      (Feb03→10-2025)
NVDA,1.0,1.0,0.0,-0.22,Bear,0.98,N/A,0.4487,MINOR,0.9168,0.675,SIDEWAYS,0.9655,0.6515,0.9411,False,0.0002,0.72,sma10_dist,0.003964,0.9411,0.3713,0.797,0.5,CRITICAL,HOLD,0.306,0.9058,0.75,STRONG SYCOPHANCY — low dominance (−25%),0.6762,HIGH,0.572,0.0,0.0,-0.1567,0,HOLD,14.495,hold,—,2025-02-03,2025-02-10,Win11: Bear-DeepSeek      (Feb03→10-2025)
TSLA,0.0,0.0,0.0,-0.08,Bear,0.68,N/A,0.948,CRITICAL,1.0091,0.4543,CHAOTIC,0.9355,0.6182,0.9723,True,-0.1584,1.0,macd_norm,0.002565,0.1438,0.2582,0.2548,0.95,MILD,SYSTEMIC_VETO,0.0581,0.8687,0.75,STRONG SYCOPHANCY — low dominance (−25%),0.1164,MILD,0.828,0.0,2.0,-0.5698,0,SELL,-8.588,correct,✅,2025-02-03,2025-02-10,Win11: Bear-DeepSeek      (Feb03→10-2025)
META,1.0,1.0,0.0,-0.07,Bear,0.94,N/A,0.4764,MINOR,0.9925,0.5375,NEUTRAL,0.9655,0.6515,0.979,False,0.0014,0.72,vol_change,0.004265,0.9799,0.6907,0.682,0.5,CRITICAL,MILD_ADJUST,0.4983,0.941,0.75,STRONG SYCOPHANCY — low dominance (−25%),0.6982,HIGH,0.55,2.1,2.1,0.1638,0,HOLD,2.859,hold,—,2025-02-03,2025-02-10,Win11: Bear-DeepSeek      (Feb03→10-2025)
GOOGL,0.0,0.0,0.0,-0.08,Bear,0.94,N/A,0.4388,MINOR,0.9281,0.6153,SIDEWAYS,0.9655,0.6515,0.9468,True,-0.0307,1.0,sma50_dist,0.000602,0.1438,0.147,0.201,0.95,MILD,NO_CONFLICT,0.1081,0.9317,0.75,STRONG SYCOPHANCY — low dominance (−25%),0.1035,MILD,0.828,0.0,2.0,-0.4864,0,SELL,-7.335,correct,✅,2025-02-03,2025-02-10,Win11: Bear-DeepSeek      (Feb03→10-2025)
AMZN,0.0,0.0,0.0,-0.07,Sideways,0.77,N/A,0.4115,MINOR,0.9877,0.5615,NEUTRAL,0.9655,0.6515,0.9766,True,-0.6661,1.0,sma20_dist,-0.002278,0.2052,0.2004,0.278,0.95,MILD,NO_CONFLICT,0.1494,0.9317,0.75,STRONG SYCOPHANCY — low dominance (−25%),0.3702,MODERATE,0.78,0.0,2.0,-0.2759,0,SELL,-1.803,noise_c,🔍✓,2025-02-03,2025-02-10,Win11: Bear-DeepSeek      (Feb03→10-2025)
AMD,0.0,0.0,0.0,-0.18,Bear,0.98,N/A,0.8214,CRITICAL,0.9906,0.5471,CHAOTIC,0.9355,0.6182,0.963,True,-0.5722,1.0,macd_norm,-0.002574,0.1298,0.135,0.1971,1.0,HARMONY,SYSTEMIC_VETO,0.0304,0.9317,0.75,STRONG SYCOPHANCY — low dominance (−25%),0.092,HARMONY,1.0,0.0,2.0,-0.616,0,SELL,-3.317,correct,✅,2025-02-03,2025-02-10,Win11: Bear-DeepSeek      (Feb03→10-2025)
INTC,0.867,0.867,0.133,-0.14,Bear,0.98,N/A,0.9146,CRITICAL,1.0089,0.4555,CHAOTIC,0.9655,0.6515,0.9872,True,-0.0883,1.0,sma10_dist,0.00433,0.9338,0.5489,0.6152,0.7,HIGH,HOLD,0.2854,0.9756,0.65,EXTREME SYCOPHANCY — ensemble collapsed (−35%),0.6939,HIGH,0.572,0.0,0.0,-0.191,0,HOLD,2.012,hold,—,2025-02-03,2025-02-10,Win11: Bear-DeepSeek      (Feb03→10-2025)
ORCL,1.0,1.0,0.0,-0.08,Sideways,0.87,N/A,0.4159,MINOR,0.9844,0.5782,CHAOTIC,0.9655,0.6515,0.9749,False,0.0035,0.72,macd_norm,-0.002505,0.9791,0.6873,0.3901,0.85,MODERATE,NO_CONFLICT,0.5113,0.9499,0.75,STRONG SYCOPHANCY — low dominance (−25%),0.4609,MODERATE,0.69,3.92,3.92,0.267,2,HOLD,6.121,hold,—,2025-02-03,2025-02-10,Win11: Bear-DeepSeek      (Feb03→10-2025)
SPY,0.7434,0.7434,0.2566,-0.09,Sideways,0.93,N/A,0.3,OK,0.9104,0.7082,SIDEWAYS,0.95,0.5,0.9302,True,0.2736,1.0,RSI,-0.001348,0.8984,0.8357,0.1657,1.0,HARMONY,MILD_ADJUST,0.4617,0.9605,0.65,EXTREME SYCOPHANCY — ensemble collapsed (−35%),0.5534,MODERATE,0.75,7.22,7.22,0.1925,1,HOLD,1.184,hold,—,2025-02-03,2025-02-10,Win11: Bear-DeepSeek      (Feb03→10-2025)
QQQ,1.0,1.0,0.0,-0.14,Sideways,0.98,N/A,0.3,OK,0.906,0.7317,SIDEWAYS,0.95,0.5,0.928,True,0.0706,1.0,macd_norm,0.00286,0.9668,0.516,0.327,0.95,MILD,HOLD,0.312,0.9711,0.65,EXTREME SYCOPHANCY — ensemble collapsed (−35%),0.472,MODERATE,0.69,0.0,0.0,-0.032,0,HOLD,2.15,hold,—,2025-02-03,2025-02-10,Win11: Bear-DeepSeek      (Feb03→10-2025)
DIA,0.9622,0.9622,0.0378,-0.07,Bull,0.91,N/A,0.3,OK,0.9142,0.6885,SIDEWAYS,0.95,0.5,0.9321,False,0.005,0.72,log_return,0.001528,0.9777,0.6562,0.2517,0.95,MILD,NO_CONFLICT,0.4265,0.9747,0.65,EXTREME SYCOPHANCY — ensemble collapsed (−35%),0.3374,MODERATE,0.7107,6.66,6.66,0.1971,1,HOLD,0.115,hold,—,2025-02-03,2025-02-10,Win11: Bear-DeepSeek      (Feb03→10-2025)
IWM,0.0799,0.0799,0.0799,-0.1,Sideways,0.98,N/A,0.3,OK,0.9137,0.6908,SIDEWAYS,0.95,0.5,0.9318,True,-0.8968,1.0,vol_change,-0.003368,0.2317,0.216,0.2295,0.95,MILD,NO_CONFLICT,0.132,0.9676,0.65,EXTREME SYCOPHANCY — ensemble collapsed (−35%),0.2524,MILD,0.9,0.0,2.0,-0.302,0,SELL,1.425,wrong,❌,2025-02-03,2025-02-10,Win11: Bear-DeepSeek      (Feb03→10-2025)
JPM,1.0,1.0,0.0,-0.05,Sideways,0.94,N/A,0.3738,OK,1.0121,0.4395,CHAOTIC,1.0255,0.7182,1.0188,False,0.0,0.72,sma10_dist,0.001354,0.9836,0.7215,0.3,0.95,MILD,NO_CONFLICT,0.469,0.9574,0.65,EXTREME SYCOPHANCY — ensemble collapsed (−35%),0.2812,MILD,0.9,8.7,8.7,0.2035,3,HOLD,1.585,hold,—,2025-02-03,2025-02-10,Win11: Bear-DeepSeek      (Feb03→10-2025)
BAC,1.0,1.0,0.0,-0.06,Sideways,0.88,N/A,0.3294,OK,0.9147,0.6859,SIDEWAYS,0.9955,0.6848,0.9551,False,0.0005,0.72,sma10_dist,0.002345,0.9822,0.6755,0.303,0.95,MILD,NO_CONFLICT,0.4391,0.9574,0.65,EXTREME SYCOPHANCY — ensemble collapsed (−35%),0.2786,MILD,0.9,6.78,6.78,0.1586,15,HOLD,0.995,hold,—,2025-02-03,2025-02-10,Win11: Bear-DeepSeek      (Feb03→10-2025)
GS,1.0,1.0,0.0,-0.05,Bear,0.88,N/A,0.3423,OK,0.9911,0.5446,CHAOTIC,0.9655,0.6515,0.9783,False,0.0002,0.72,sma10_dist,0.002027,0.983,0.6924,0.68,0.5,CRITICAL,NO_CONFLICT,0.4501,0.9574,0.65,EXTREME SYCOPHANCY — ensemble collapsed (−35%),0.7067,HIGH,0.55,1.06,1.06,0.0834,0,HOLD,2.872,hold,—,2025-02-03,2025-02-10,Win11: Bear-DeepSeek      (Feb03→10-2025)
V,1.0,1.0,0.0,-0.04,Sideways,0.94,N/A,0.4,OK,0.993,0.5348,CHAOTIC,1.0847,0.7825,1.0389,False,0.0011,0.72,vol_change,0.002615,0.9849,0.6999,0.297,0.95,MILD,NO_CONFLICT,0.4549,0.9574,0.65,EXTREME SYCOPHANCY — ensemble collapsed (−35%),0.28,MILD,0.828,7.17,7.17,0.1824,2,HOLD,1.564,hold,—,2025-02-03,2025-02-10,Win11: Bear-DeepSeek      (Feb03→10-2025)
GLD,1.0,1.0,0.0,0.06,Bull,0.98,N/A,0.3,OK,0.9905,0.5477,NEUTRAL,0.95,0.5,0.9703,False,0.0029,0.72,vol_change,0.001222,0.9936,0.5239,0.207,0.95,MILD,NO_CONFLICT,0.3405,0.9574,0.65,EXTREME SYCOPHANCY — ensemble collapsed (−35%),0.0251,HARMONY,1.03,3.75,3.75,0.0767,1,HOLD,3.243,hold,—,2025-02-03,2025-02-10,Win11: Bear-DeepSeek      (Feb03→10-2025)
TLT,0.9997,0.9997,0.0003,0.05,Bull,0.71,N/A,0.3,OK,0.9303,0.6039,SIDEWAYS,0.95,0.5,0.9402,False,0.0057,0.72,macd_norm,0.00093,0.993,0.5077,0.21,0.95,MILD,NO_CONFLICT,0.33,0.9574,0.65,EXTREME SYCOPHANCY — ensemble collapsed (−35%),0.0519,HARMONY,1.04,3.06,3.06,0.062,3,HOLD,0.953,hold,—,2025-02-03,2025-02-10,Win11: Bear-DeepSeek      (Feb03→10-2025)
SLV,0.9997,0.9997,0.0003,0.02,Sideways,0.82,N/A,0.3,OK,0.9104,0.7083,SIDEWAYS,0.95,0.5,0.9302,True,0.0106,1.0,sma20_dist,0.001306,0.9908,0.8756,0.2828,0.95,MILD,NO_CONFLICT,0.5691,0.9574,0.65,EXTREME SYCOPHANCY — ensemble collapsed (−35%),0.2765,MILD,0.936,15.73,15.73,0.3537,54,BUY,1.849,noise_c,🔍✓,2025-02-03,2025-02-10,Win11: Bear-DeepSeek      (Feb03→10-2025)
XOM,0.9999,0.9999,0.0001,0.04,Sideways,0.98,N/A,0.35,OK,0.9911,0.5444,CHAOTIC,0.9654,0.6515,0.9783,False,0.0062,0.72,RSI,-0.001324,0.9922,0.6639,0.281,0.95,MILD,NO_CONFLICT,0.4315,0.9574,0.65,EXTREME SYCOPHANCY — ensemble collapsed (−35%),0.2814,MILD,0.9,6.3,6.3,0.1473,6,HOLD,3.623,hold,—,2025-02-03,2025-02-10,Win11: Bear-DeepSeek      (Feb03→10-2025)
CVX,1.0,1.0,0.0,0.03,Sideways,0.63,N/A,0.35,OK,0.8908,0.8116,SIDEWAYS,0.9654,0.6515,0.9281,True,0.011,1.0,sma10_dist,0.001094,0.9916,0.7225,0.282,0.95,MILD,NO_CONFLICT,0.4696,0.9574,0.65,EXTREME SYCOPHANCY — ensemble collapsed (−35%),0.2696,MILD,0.9,8.74,8.74,0.2044,6,HOLD,4.306,hold,—,2025-02-03,2025-02-10,Win11: Bear-DeepSeek      (Feb03→10-2025)
WMT,1.0,1.0,0.0,0.03,Sideways,0.94,N/A,0.3381,OK,0.987,0.565,NEUTRAL,0.9653,0.6511,0.9762,False,0.0001,0.72,macd_norm,0.002063,0.9916,0.6621,0.282,0.95,MILD,NO_CONFLICT,0.4304,0.9574,0.65,EXTREME SYCOPHANCY — ensemble collapsed (−35%),0.279,MILD,0.9,6.22,6.22,0.1455,6,HOLD,3.396,hold,—,2025-02-03,2025-02-10,Win11: Bear-DeepSeek      (Feb03→10-2025)
PG,0.964,0.964,0.036,0.03,Sideways,0.92,N/A,0.4723,MINOR,0.9183,0.6671,SIDEWAYS,0.92,0.3,0.9192,True,-0.0141,1.0,vol_change,0.001524,0.9901,0.8645,0.2615,0.95,MILD,MILD_ADJUST,0.5416,0.9643,0.65,EXTREME SYCOPHANCY — ensemble collapsed (−35%),0.3191,MODERATE,0.75,11.13,11.13,0.3125,6,BUY,-0.729,noise_w,🔍✗,2025-02-03,2025-02-10,Win11: Bear-DeepSeek      (Feb03→10-2025)
JNJ,1.0,1.0,0.0,0.04,Sideways,0.785,N/A,0.3743,OK,0.9152,0.6833,SIDEWAYS,0.9,0.3,0.9076,True,0.2197,1.0,log_return,0.001161,0.9922,0.8555,0.281,0.95,MILD,NO_CONFLICT,0.6416,0.9365,0.75,STRONG SYCOPHANCY — low dominance (−25%),0.2739,MILD,0.9,18.0,18.0,0.4624,12,BUY,1.561,noise_c,🔍✓,2025-02-03,2025-02-10,Win11: Bear-DeepSeek      (Feb03→10-2025)
NFLX,1.0,1.0,0.0,-0.06,Bear,0.89,N/A,0.5533,MINOR,1.0084,0.458,CHAOTIC,0.9655,0.6515,0.9869,False,0.0027,0.72,macd_norm,0.001406,0.9815,0.6975,0.6982,0.5,CRITICAL,MILD_ADJUST,0.483,0.9365,0.75,STRONG SYCOPHANCY — low dominance (−25%),0.7415,HIGH,0.55,1.26,1.26,0.1383,1,HOLD,4.971,hold,—,2025-02-03,2025-02-10,Win11: Bear-DeepSeek      (Feb03→10-2025)
DIS,0.0,0.0,0.0,-0.04,Sideways,0.94,N/A,0.3347,OK,0.9849,0.5757,CHAOTIC,0.9954,0.6848,0.9901,True,-0.2114,1.0,sma20_dist,-0.00139,0.2094,0.2073,0.281,0.95,MILD,NO_CONFLICT,0.1555,0.8547,0.75,STRONG SYCOPHANCY — low dominance (−25%),0.4674,MODERATE,0.69,0.0,2.0,-0.2668,0,SELL,-4.14,correct,✅,2025-02-03,2025-02-10,Win11: Bear-DeepSeek      (Feb03→10-2025)
CRM,0.0001,0.0001,0.0001,-0.08,Bear,0.88,N/A,0.3294,OK,0.9105,0.708,SIDEWAYS,0.9655,0.6515,0.938,True,-0.15,1.0,sma20_dist,-0.001873,0.1438,0.1457,0.201,0.95,MILD,NO_CONFLICT,0.1093,0.8547,0.75,STRONG SYCOPHANCY — low dominance (−25%),0.1059,HARMONY,0.92,0.0,2.0,-0.4845,0,SELL,-3.549,correct,✅,2025-02-03,2025-02-10,Win11: Bear-DeepSeek      (Feb03→10-2025)
PLTR,0.8732,0.8732,0.1268,-0.14,Bear,0.89,N/A,0.502,MINOR,0.9191,0.6624,SIDEWAYS,0.9655,0.6515,0.9423,True,-0.0838,1.0,sma10_dist,0.00425,0.9361,0.5239,0.6513,0.5,CRITICAL,HOLD,0.3144,0.9054,0.75,STRONG SYCOPHANCY — low dominance (−25%),0.7041,HIGH,0.572,0.0,0.0,-0.1427,0,HOLD,39.3,hold,—,2025-02-03,2025-02-10,Win11: Bear-DeepSeek      (Feb03→10-2025)
AAPL,0.0,0.0,0.0,-0.05,Bear,0.82,N/A,0.3193,OK,1.0086,0.457,CHAOTIC,0.9655,0.6515,0.987,True,-0.6485,1.0,sma10_dist,-0.001924,0.148,0.1578,0.21,0.95,MILD,NO_CONFLICT,0.1026,0.9962,0.65,EXTREME SYCOPHANCY — ensemble collapsed (−35%),0.2116,MILD,0.828,0.0,2.0,-0.4957,0,SELL,-1.615,noise_c,🔍✓,2025-08-18,2025-08-25,Win12: Bear-LateSummer    (Aug18→25-2025)
MSFT,0.0001,0.0001,0.0001,-0.07,Sideways,0.82,N/A,0.4761,MINOR,1.0142,0.4291,NEUTRAL,1.0554,0.7515,1.0348,True,-0.726,1.0,macd_norm,-0.00246,0.2052,0.2124,0.278,0.95,MILD,NO_CONFLICT,0.1328,0.9962,0.65,EXTREME SYCOPHANCY — ensemble collapsed (−35%),0.3712,MODERATE,0.78,0.0,2.0,-0.3008,0,SELL,-2.323,correct,✅,2025-08-18,2025-08-25,Win12: Bear-LateSummer    (Aug18→25-2025)
NVDA,0.0,0.0,0.0,-0.1,Bear,0.88,N/A,0.4487,MINOR,1.0129,0.4354,NEUTRAL,0.9655,0.6515,0.9892,True,-0.6779,1.0,log_return,-0.002105,0.141,0.1506,0.195,1.0,HARMONY,NO_CONFLICT,0.0955,0.9962,0.65,EXTREME SYCOPHANCY — ensemble collapsed (−35%),0.1037,HARMONY,1.0,0.0,2.0,-0.5074,0,SELL,-1.209,noise_c,🔍✓,2025-08-18,2025-08-25,Win12: Bear-LateSummer    (Aug18→25-2025)
TSLA,1.0,1.0,0.0,-0.08,Sideways,0.835,N/A,0.948,CRITICAL,0.9165,0.6764,SIDEWAYS,0.9655,0.6515,0.941,False,0.0094,0.72,log_return,0.002262,0.9791,0.6634,0.3335,0.95,MILD,MILD_ADJUST,0.3849,0.9686,0.65,EXTREME SYCOPHANCY — ensemble collapsed (−35%),0.4625,MODERATE,0.78,1.69,1.69,0.0773,0,HOLD,3.413,hold,—,2025-08-18,2025-08-25,Win12: Bear-LateSummer    (Aug18→25-2025)
META,0.0001,0.0001,0.0001,-0.06,Bear,0.84,N/A,0.4764,MINOR,1.0104,0.4478,CHAOTIC,0.9955,0.6848,1.003,True,-0.0853,1.0,sma10_dist,-0.002594,0.1466,0.1588,0.2366,0.95,MILD,NO_CONFLICT,0.0993,0.9865,0.65,EXTREME SYCOPHANCY — ensemble collapsed (−35%),0.1925,MILD,0.828,0.0,2.0,-0.5011,0,SELL,-1.834,noise_c,🔍✓,2025-08-18,2025-08-25,Win12: Bear-LateSummer    (Aug18→25-2025)
GOOGL,0.9984,0.9984,0.0016,-0.06,Sideways,0.94,N/A,0.4388,MINOR,0.9303,0.6035,SIDEWAYS,0.9655,0.6515,0.9479,False,0.0045,0.72,log_return,0.002411,0.9821,0.6703,0.3021,0.95,MILD,NO_CONFLICT,0.4272,0.9937,0.65,EXTREME SYCOPHANCY — ensemble collapsed (−35%),0.2848,MILD,0.936,6.26,6.26,0.1409,3,HOLD,2.452,hold,—,2025-08-18,2025-08-25,Win12: Bear-LateSummer    (Aug18→25-2025)
AMZN,0.0009,0.0009,0.0009,-0.07,Bear,0.89,N/A,0.4115,MINOR,0.9252,0.6306,SIDEWAYS,0.9655,0.6515,0.9454,True,-0.9557,1.0,sma10_dist,-0.00248,0.1456,0.1486,0.2167,0.95,MILD,NO_CONFLICT,0.0961,0.9793,0.65,EXTREME SYCOPHANCY — ensemble collapsed (−35%),0.1049,HARMONY,1.0,0.0,2.0,-0.5066,0,SELL,-1.534,noise_c,🔍✓,2025-08-18,2025-08-25,Win12: Bear-LateSummer    (Aug18→25-2025)
AMD,0.0,0.0,0.0,-0.09,Bear,0.89,N/A,0.8214,CRITICAL,1.0143,0.4287,NEUTRAL,0.9355,0.6182,0.9749,True,-0.1923,1.0,sma20_dist,-0.003187,0.1424,0.1499,0.2289,0.95,MILD,SYSTEMIC_VETO,0.0292,0.9793,0.65,EXTREME SYCOPHANCY — ensemble collapsed (−35%),0.1044,HARMONY,1.04,0.0,2.0,-0.6179,0,SELL,-7.256,correct,✅,2025-08-18,2025-08-25,Win12: Bear-LateSummer    (Aug18→25-2025)
INTC,0.0745,0.0745,0.0745,-0.11,Bear,0.89,N/A,0.9146,CRITICAL,0.9051,0.7365,SIDEWAYS,0.9655,0.6515,0.9353,True,-0.2159,1.0,sma20_dist,-0.003525,0.1683,0.17,0.2552,0.95,MILD,SYSTEMIC_VETO,0.0331,0.9743,0.65,EXTREME SYCOPHANCY — ensemble collapsed (−35%),0.0176,HARMONY,1.04,0.0,2.0,-0.6114,0,SELL,3.762,wrong,❌,2025-08-18,2025-08-25,Win12: Bear-LateSummer    (Aug18→25-2025)
ORCL,0.0,0.0,0.0,-0.04,Bear,0.88,N/A,0.4159,MINOR,1.0093,0.4534,CHAOTIC,0.9355,0.6182,0.9724,True,-0.2835,1.0,log_return,-0.002891,0.1494,0.1569,0.213,0.95,MILD,NO_CONFLICT,0.1012,0.9773,0.65,EXTREME SYCOPHANCY — ensemble collapsed (−35%),0.2536,MILD,0.936,0.0,2.0,-0.498,0,SELL,-5.484,correct,✅,2025-08-18,2025-08-25,Win12: Bear-LateSummer    (Aug18→25-2025)
SPY,0.2843,0.2843,0.2843,-0.08,Bull,0.98,N/A,0.3,OK,1.0128,0.4362,NEUTRAL,0.95,0.5,0.9814,True,-0.7013,1.0,sma20_dist,-0.00107,0.3583,0.3516,0.4537,0.85,MODERATE,MILD_ADJUST,0.1943,0.9743,0.65,EXTREME SYCOPHANCY — ensemble collapsed (−35%),0.7484,HIGH,0.5665,0.0,2.0,-0.128,0,SELL,-0.129,noise_c,🔍✓,2025-08-18,2025-08-25,Win12: Bear-LateSummer    (Aug18→25-2025)
QQQ,0.0176,0.0176,0.0176,-0.11,Bull,0.58,N/A,0.3,OK,1.0115,0.4427,NEUTRAL,0.95,0.5,0.9808,True,-0.9647,1.0,log_return,0.000942,0.2514,0.3489,0.6508,0.5,CRITICAL,NO_CONFLICT,0.2617,0.9499,0.75,STRONG SYCOPHANCY — low dominance (−25%),0.613,MODERATE,0.69,0.0,2.0,-0.0337,0,SELL,-1.177,correct,✅,2025-08-18,2025-08-25,Win12: Bear-LateSummer    (Aug18→25-2025)
DIA,0.999,0.999,0.001,-0.07,Bull,0.98,N/A,0.3,OK,1.009,0.4548,CHAOTIC,0.95,0.5,0.9795,True,0.1552,1.0,vol_change,-0.001088,0.9811,0.961,0.2461,0.95,MILD,NO_CONFLICT,0.7208,0.9364,0.75,STRONG SYCOPHANCY — low dominance (−25%),0.2957,MILD,0.8528,17.06,17.06,0.609,3,BUY,0.895,noise_c,🔍✓,2025-08-18,2025-08-25,Win12: Bear-LateSummer    (Aug18→25-2025)
IWM,1.0,1.0,0.0,-0.1,Sideways,0.94,N/A,0.3,OK,0.991,0.5451,NEUTRAL,0.95,0.5,0.9705,True,0.0194,1.0,macd_norm,0.001368,0.9755,0.9467,0.315,0.95,MILD,NO_CONFLICT,0.71,0.9364,0.75,STRONG SYCOPHANCY — low dominance (−25%),0.4634,MODERATE,0.75,15.0,15.0,0.565,6,BUY,1.93,correct,✅,2025-08-18,2025-08-25,Win12: Bear-LateSummer    (Aug18→25-2025)
JPM,0.9995,0.9995,0.0005,-0.05,Sideways,0.79,N/A,0.3738,OK,0.919,0.6634,SIDEWAYS,0.9954,0.6848,0.9572,False,0.0013,0.72,sma10_dist,-0.002207,0.9836,0.6779,0.2997,0.95,MILD,NO_CONFLICT,0.5084,0.9364,0.75,STRONG SYCOPHANCY — low dominance (−25%),0.2736,MILD,0.828,10.33,10.33,0.2626,3,HOLD,1.156,hold,—,2025-08-18,2025-08-25,Win12: Bear-LateSummer    (Aug18→25-2025)
BAC,1.0,1.0,0.0,-0.07,Sideways,0.91,N/A,0.3294,OK,0.9221,0.6469,SIDEWAYS,0.9655,0.6515,0.9438,True,0.0497,1.0,vol_change,-0.004386,0.9807,0.9256,0.306,0.95,MILD,NO_CONFLICT,0.6942,0.9364,0.75,STRONG SYCOPHANCY — low dominance (−25%),0.4562,MODERATE,0.75,15.0,15.0,0.5413,31,BUY,3.255,correct,✅,2025-08-18,2025-08-25,Win12: Bear-LateSummer    (Aug18→25-2025)
GS,1.0,1.0,0.0,-0.05,Sideways,0.88,N/A,0.3423,OK,1.0106,0.4471,CHAOTIC,0.9955,0.6848,1.003,True,0.0676,1.0,sma20_dist,-0.001312,0.9836,0.9866,0.3,0.95,MILD,NO_CONFLICT,0.7399,0.9364,0.75,STRONG SYCOPHANCY — low dominance (−25%),0.2781,MILD,0.828,16.56,16.56,0.6099,2,BUY,1.071,noise_c,🔍✓,2025-08-18,2025-08-25,Win12: Bear-LateSummer    (Aug18→25-2025)
V,1.0,1.0,0.0,-0.04,Sideways,0.98,N/A,0.4,OK,0.9238,0.6377,SIDEWAYS,0.9955,0.6848,0.9597,True,0.0295,1.0,vol_change,0.001233,0.9849,0.8979,0.297,0.95,MILD,NO_CONFLICT,0.6734,0.9364,0.75,STRONG SYCOPHANCY — low dominance (−25%),0.2814,MILD,0.9,18.0,18.0,0.5101,5,BUY,1.774,noise_c,🔍✓,2025-08-18,2025-08-25,Win12: Bear-LateSummer    (Aug18→25-2025)
GLD,1.0,1.0,0.0,0.07,Sideways,0.98,N/A,0.3,OK,0.9231,0.6415,SIDEWAYS,0.95,0.5,0.9365,False,0.0084,0.72,sma10_dist,0.002222,0.9939,0.6702,0.278,0.95,MILD,NO_CONFLICT,0.5027,0.9364,0.75,STRONG SYCOPHANCY — low dominance (−25%),0.2179,MILD,0.9,10.86,10.86,0.254,3,HOLD,0.938,hold,—,2025-08-18,2025-08-25,Win12: Bear-LateSummer    (Aug18→25-2025)
TLT,0.999,0.999,0.001,0.08,Bull,0.79,N/A,0.3,OK,0.9247,0.6331,SIDEWAYS,0.95,0.5,0.9373,True,0.0514,1.0,vol_change,0.002091,0.9945,0.703,0.2011,0.95,MILD,NO_CONFLICT,0.5272,0.9364,0.75,STRONG SYCOPHANCY — low dominance (−25%),0.0,HARMONY,1.0,16.06,16.06,0.3382,19,BUY,0.754,noise_c,🔍✓,2025-08-18,2025-08-25,Win12: Bear-LateSummer    (Aug18→25-2025)
SLV,1.0,1.0,0.0,0.04,Sideways,0.76,N/A,0.3,OK,1.009,0.4551,CHAOTIC,0.95,0.5,0.9795,False,0.0005,0.72,sma20_dist,0.00181,0.9922,0.6648,0.281,0.95,MILD,NO_CONFLICT,0.4986,0.9364,0.75,STRONG SYCOPHANCY — low dominance (−25%),0.2727,MILD,0.936,11.02,11.02,0.2479,31,HOLD,1.36,hold,—,2025-08-18,2025-08-25,Win12: Bear-LateSummer    (Aug18→25-2025)
XOM,1.0,1.0,0.0,-0.04,Sideways,0.98,N/A,0.35,OK,0.9004,0.7609,SIDEWAYS,0.9655,0.6515,0.9329,False,0.001,0.72,macd_norm,-0.001035,0.9849,0.6285,0.297,0.95,MILD,NO_CONFLICT,0.4714,0.9364,0.75,STRONG SYCOPHANCY — low dominance (−25%),0.2814,MILD,0.9,8.85,8.85,0.2071,8,HOLD,4.704,hold,—,2025-08-18,2025-08-25,Win12: Bear-LateSummer    (Aug18→25-2025)
CVX,0.9999,0.9999,0.0001,-0.03,Sideways,0.94,N/A,0.35,OK,0.9898,0.5509,CHAOTIC,0.9655,0.6515,0.9777,True,0.0186,1.0,macd_norm,-0.002373,0.9861,0.9159,0.2939,0.95,MILD,NO_CONFLICT,0.6869,0.9364,0.75,STRONG SYCOPHANCY — low dominance (−25%),0.2791,MILD,0.9,18.0,18.0,0.5304,11,BUY,2.988,correct,✅,2025-08-18,2025-08-25,Win12: Bear-LateSummer    (Aug18→25-2025)
WMT,0.0,0.0,0.0,0.02,Sideways,0.88,N/A,0.3381,OK,0.9199,0.6586,SIDEWAYS,0.9954,0.6848,0.9577,True,-0.1763,1.0,sma10_dist,-0.000354,0.2178,0.2086,0.291,0.95,MILD,NO_CONFLICT,0.1565,0.9469,0.75,STRONG SYCOPHANCY — low dominance (−25%),0.4452,MODERATE,0.75,0.0,2.0,-0.2653,0,SELL,-4.598,correct,✅,2025-08-18,2025-08-25,Win12: Bear-LateSummer    (Aug18→25-2025)
PG,0.0248,0.0248,0.0248,0.02,Sideways,0.88,N/A,0.4723,MINOR,0.9142,0.6885,SIDEWAYS,0.9954,0.6847,0.9548,True,-0.4574,1.0,RSI,0.001601,0.2273,0.2171,0.2769,0.95,MILD,NO_CONFLICT,0.1569,0.9366,0.75,STRONG SYCOPHANCY — low dominance (−25%),0.4017,MODERATE,0.69,0.0,2.0,-0.2646,0,SELL,0.276,noise_w,🔍✗,2025-08-18,2025-08-25,Win12: Bear-LateSummer    (Aug18→25-2025)
JNJ,0.9671,0.9671,0.0329,0.03,Sideways,0.69,N/A,0.3743,OK,1.0101,0.4494,CHAOTIC,0.9654,0.6515,0.9878,True,0.0186,1.0,macd_norm,0.001561,0.9902,0.7942,0.2633,0.95,MILD,NO_CONFLICT,0.5957,0.9485,0.75,STRONG SYCOPHANCY — low dominance (−25%),0.315,MILD,0.828,15.48,15.48,0.3935,8,BUY,1.226,noise_c,🔍✓,2025-08-18,2025-08-25,Win12: Bear-LateSummer    (Aug18→25-2025)
NFLX,0.0001,0.0001,0.0001,-0.05,Bear,0.94,N/A,0.5533,MINOR,0.9168,0.6745,SIDEWAYS,0.9655,0.6515,0.9411,True,-0.0627,1.0,RSI,-0.00141,0.1481,0.1505,0.21,0.95,MILD,NO_CONFLICT,0.1042,0.9405,0.75,STRONG SYCOPHANCY — low dominance (−25%),0.1988,MILD,0.9,0.0,2.0,-0.493,0,SELL,-2.17,noise_c,🔍✓,2025-08-18,2025-08-25,Win12: Bear-LateSummer    (Aug18→25-2025)
DIS,1.0,1.0,0.0,-0.04,Sideways,0.98,N/A,0.3347,OK,0.9045,0.7397,SIDEWAYS,0.9955,0.6848,0.95,True,0.0444,1.0,log_return,-0.002077,0.9849,0.8889,0.297,0.95,MILD,NO_CONFLICT,0.6667,0.9332,0.75,STRONG SYCOPHANCY — low dominance (−25%),0.2814,MILD,0.936,18.72,18.72,0.5,16,BUY,0.995,noise_c,🔍✓,2025-08-18,2025-08-25,Win12: Bear-LateSummer    (Aug18→25-2025)
CRM,0.5854,0.5854,0.4146,-0.07,Bear,0.98,N/A,0.3294,OK,0.9286,0.6127,SIDEWAYS,0.9655,0.6515,0.947,True,-0.3587,1.0,log_return,-0.001774,0.6255,0.5924,0.3711,0.85,MODERATE,MILD_ADJUST,0.3776,0.9258,0.75,STRONG SYCOPHANCY — low dominance (−25%),0.3646,MODERATE,0.75,0.0,0.0,-0.0373,0,HOLD,1.599,hold,—,2025-08-18,2025-08-25,Win12: Bear-LateSummer    (Aug18→25-2025)
PLTR,1.0,1.0,0.0,-0.08,Sideways,0.91,N/A,0.502,MINOR,1.0116,0.4421,CHAOTIC,0.9355,0.6182,0.9736,False,0.0065,0.72,log_return,0.002311,0.9791,0.6863,0.3325,0.95,MILD,MILD_ADJUST,0.4885,0.9147,0.75,STRONG SYCOPHANCY — low dominance (−25%),0.4591,MODERATE,0.75,4.96,4.96,0.2327,2,HOLD,-9.688,hold,—,2025-08-18,2025-08-25,Win12: Bear-LateSummer    (Aug18→25-2025)
AAPL,0.0223,0.0223,0.0223,0.12,Sideways,0.63,N/A,0.3193,OK,0.9221,0.6466,SIDEWAYS,0.9655,0.6515,0.9438,True,-0.7988,1.0,sma10_dist,-0.001806,0.2404,0.3175,0.3083,0.95,MILD,HOLD,0.36,0.9112,0.75,STRONG SYCOPHANCY — low dominance (−25%),0.6374,MODERATE,0.69,1.31,1.31,0.04,0,HOLD,-2.078,hold,—,2024-09-09,2024-09-16,Win13: Sideways-PreCut    (Sep09→16-2024)
MSFT,1.0,1.0,0.0,0.03,Sideways,0.86,N/A,0.4761,MINOR,0.9918,0.5408,NEUTRAL,0.9654,0.6515,0.9786,False,0.0001,0.72,RSI,0.001238,0.9916,0.6637,0.282,0.95,MILD,MILD_ADJUST,0.4789,0.9018,0.75,STRONG SYCOPHANCY — low dominance (−25%),0.2769,MILD,0.828,8.59,8.59,0.2183,2,HOLD,6.315,hold,—,2024-09-09,2024-09-16,Win13: Sideways-PreCut    (Sep09→16-2024)
NVDA,0.9989,0.9989,0.0011,-0.04,Bear,0.98,N/A,0.4487,MINOR,0.8979,0.7744,SIDEWAYS,0.9355,0.6182,0.9167,False,0.0086,0.72,sma10_dist,0.003319,0.9842,0.6171,0.7459,0.5,CRITICAL,NO_CONFLICT,0.4516,0.8673,0.75,STRONG SYCOPHANCY — low dominance (−25%),0.6977,HIGH,0.55,0.59,0.59,0.086,0,HOLD,9.693,hold,—,2024-09-09,2024-09-16,Win13: Sideways-PreCut    (Sep09→16-2024)
TSLA,1.0,1.0,0.0,0.02,Sideways,0.91,N/A,0.948,CRITICAL,0.896,0.7843,SIDEWAYS,0.9655,0.6515,0.9307,False,0.0001,0.72,log_return,0.001907,0.9909,0.6308,0.3445,0.95,MILD,MILD_ADJUST,0.4222,0.8778,0.75,STRONG SYCOPHANCY — low dominance (−25%),0.2777,MILD,0.828,2.62,2.62,0.1334,1,HOLD,4.86,hold,—,2024-09-09,2024-09-16,Win13: Sideways-PreCut    (Sep09→16-2024)
META,1.0,1.0,0.0,0.04,Sideways,0.81,N/A,0.4764,MINOR,0.9052,0.7357,SIDEWAYS,0.9655,0.6515,0.9354,False,0.0099,0.72,vol_change,0.002973,0.9922,0.6348,0.281,0.95,MILD,MILD_ADJUST,0.458,0.8778,0.75,STRONG SYCOPHANCY — low dominance (−25%),0.2749,MILD,0.9,7.99,7.99,0.1869,1,HOLD,5.745,hold,—,2024-09-09,2024-09-16,Win13: Sideways-PreCut    (Sep09→16-2024)
GOOGL,1.0,1.0,0.0,0.02,Bear,0.98,N/A,0.4388,MINOR,1.0097,0.4517,CHAOTIC,0.9655,0.6515,0.9876,False,0.0003,0.72,log_return,0.001248,0.9905,0.6691,0.673,0.5,CRITICAL,NO_CONFLICT,0.4921,0.8778,0.75,STRONG SYCOPHANCY — low dominance (−25%),0.6524,HIGH,0.55,2.03,2.03,0.1535,1,HOLD,6.287,hold,—,2024-09-09,2024-09-16,Win13: Sideways-PreCut    (Sep09→16-2024)
AMZN,1.0,1.0,0.0,0.03,Sideways,0.83,N/A,0.4115,MINOR,0.9197,0.6595,SIDEWAYS,1.0314,0.8046,0.9756,False,0.0001,0.72,macd_norm,0.000894,0.9916,0.6617,0.282,0.95,MILD,NO_CONFLICT,0.4934,0.8778,0.75,STRONG SYCOPHANCY — low dominance (−25%),0.2761,MILD,0.828,8.0,8.0,0.24,4,HOLD,5.41,hold,—,2024-09-09,2024-09-16,Win13: Sideways-PreCut    (Sep09→16-2024)
AMD,1.0,1.0,0.0,0.01,Bear,0.98,N/A,0.8214,CRITICAL,0.9207,0.6541,SIDEWAYS,0.9355,0.6182,0.9281,False,0.0093,0.72,sma50_dist,-0.002683,0.9897,0.6283,0.7124,0.5,CRITICAL,MILD_ADJUST,0.377,0.8778,0.75,STRONG SYCOPHANCY — low dominance (−25%),0.6352,MODERATE,0.75,0.0,0.0,-0.0384,0,HOLD,10.083,hold,—,2024-09-09,2024-09-16,Win13: Sideways-PreCut    (Sep09→16-2024)
INTC,1.0,1.0,0.0,-0.06,Bear,0.98,N/A,0.9146,CRITICAL,0.9906,0.5468,CHAOTIC,0.9355,0.6182,0.963,False,0.0093,0.72,sma20_dist,-0.00485,0.9815,0.6806,0.7511,0.5,CRITICAL,MILD_ADJUST,0.4083,0.8778,0.75,STRONG SYCOPHANCY — low dominance (−25%),0.7571,HIGH,0.506,0.0,0.0,0.0139,0,HOLD,9.649,hold,—,2024-09-09,2024-09-16,Win13: Sideways-PreCut    (Sep09→16-2024)
ORCL,1.0,1.0,0.0,0.06,Sideways,0.9,N/A,0.4159,MINOR,0.92,0.6582,SIDEWAYS,0.9355,0.6182,0.9278,False,0.0054,0.72,macd_norm,0.002081,0.9934,0.6636,0.279,0.95,MILD,NO_CONFLICT,0.4937,0.8778,0.75,STRONG SYCOPHANCY — low dominance (−25%),0.28,MILD,0.828,9.46,9.46,0.2406,6,HOLD,21.76,hold,—,2024-09-09,2024-09-16,Win13: Sideways-PreCut    (Sep09→16-2024)
SPY,1.0,1.0,0.0,0.03,Sideways,0.98,N/A,0.3,OK,0.9034,0.7452,SIDEWAYS,0.95,0.5,0.9267,False,0.0011,0.72,RSI,0.000575,0.9916,0.6285,0.282,0.95,MILD,NO_CONFLICT,0.4714,0.8778,0.75,STRONG SYCOPHANCY — low dominance (−25%),0.2799,MILD,0.9,8.85,8.85,0.2071,1,HOLD,3.007,hold,—,2024-09-09,2024-09-16,Win13: Sideways-PreCut    (Sep09→16-2024)
QQQ,1.0,1.0,0.0,0.02,Sideways,0.845,N/A,0.3,OK,0.9067,0.7277,SIDEWAYS,0.95,0.5,0.9284,False,0.0001,0.72,RSI,0.001708,0.9909,0.6292,0.283,0.95,MILD,NO_CONFLICT,0.4719,0.8778,0.75,STRONG SYCOPHANCY — low dominance (−25%),0.2766,MILD,0.9,8.89,8.89,0.2078,1,HOLD,4.132,hold,—,2024-09-09,2024-09-16,Win13: Sideways-PreCut    (Sep09→16-2024)
DIA,1.0,1.0,0.0,0.03,Sideways,0.73,N/A,0.3,OK,0.9252,0.6304,SIDEWAYS,0.95,0.5,0.9376,False,0.0045,0.72,RSI,0.001646,0.9916,0.6359,0.282,0.95,MILD,NO_CONFLICT,0.4769,0.8778,0.75,STRONG SYCOPHANCY — low dominance (−25%),0.2731,MILD,0.9,9.21,9.21,0.2154,2,HOLD,2.036,hold,—,2024-09-09,2024-09-16,Win13: Sideways-PreCut    (Sep09→16-2024)
IWM,0.9985,0.9985,0.0015,0.04,Sideways,0.87,N/A,0.3,OK,0.9195,0.6603,SIDEWAYS,0.95,0.5,0.9347,False,0.0004,0.72,log_return,0.003579,0.9922,0.6344,0.2801,0.95,MILD,NO_CONFLICT,0.4758,0.8503,0.75,STRONG SYCOPHANCY — low dominance (−25%),0.279,MILD,0.936,9.5,9.5,0.2137,4,HOLD,4.379,hold,—,2024-09-09,2024-09-16,Win13: Sideways-PreCut    (Sep09→16-2024)
JPM,0.0001,0.0001,0.0001,0.04,Sideways,0.87,N/A,0.3738,OK,1.0089,0.4557,NEUTRAL,0.9655,0.6515,0.9872,True,-0.3823,1.0,macd_norm,-0.003275,0.2207,0.2178,0.2969,0.95,MILD,NO_CONFLICT,0.1633,0.8782,0.75,STRONG SYCOPHANCY — low dominance (−25%),0.4732,MODERATE,0.75,0.0,2.0,-0.255,0,SELL,-4.128,correct,✅,2024-09-09,2024-09-16,Win13: Sideways-PreCut    (Sep09→16-2024)
BAC,0.0039,0.0039,0.0039,0.03,Sideways,0.78,N/A,0.3294,OK,0.9297,0.607,SIDEWAYS,0.9355,0.6182,0.9326,True,-0.8451,1.0,macd_norm,-0.004217,0.2207,0.2058,0.2918,0.95,MILD,NO_CONFLICT,0.1544,0.8783,0.75,STRONG SYCOPHANCY — low dominance (−25%),0.46,MODERATE,0.69,0.0,2.0,-0.2685,0,SELL,-0.937,noise_c,🔍✓,2024-09-09,2024-09-16,Win13: Sideways-PreCut    (Sep09→16-2024)
GS,0.0,0.0,0.0,0.04,Bear,0.88,N/A,0.3423,OK,0.9272,0.6199,SIDEWAYS,0.9355,0.6182,0.9314,True,-0.9754,1.0,sma50_dist,-0.000608,0.1606,0.1496,0.237,0.95,MILD,NO_CONFLICT,0.1122,0.9288,0.75,STRONG SYCOPHANCY — low dominance (−25%),0.2536,MILD,0.828,0.0,2.0,-0.4797,0,SELL,-0.698,noise_c,🔍✓,2024-09-09,2024-09-16,Win13: Sideways-PreCut    (Sep09→16-2024)
V,1.0,1.0,0.0,0.03,Sideways,0.87,N/A,0.4,OK,0.9846,0.5769,CHAOTIC,1.0313,0.8043,1.008,False,0.0002,0.72,RSI,0.001239,0.9916,0.6836,0.282,0.95,MILD,NO_CONFLICT,0.5127,0.9011,0.75,STRONG SYCOPHANCY — low dominance (−25%),0.2772,MILD,0.7956,10.17,10.17,0.269,3,HOLD,1.705,hold,—,2024-09-09,2024-09-16,Win13: Sideways-PreCut    (Sep09→16-2024)
GLD,1.0,1.0,0.0,0.05,Sideways,0.98,N/A,0.3,OK,0.9262,0.6251,SIDEWAYS,0.95,0.5,0.9381,False,0.0039,0.72,vol_change,0.002579,0.9928,0.6706,0.28,0.95,MILD,NO_CONFLICT,0.503,0.9011,0.75,STRONG SYCOPHANCY — low dominance (−25%),0.2831,MILD,0.765,9.25,9.25,0.2544,3,HOLD,3.048,hold,—,2024-09-09,2024-09-16,Win13: Sideways-PreCut    (Sep09→16-2024)
TLT,0.8277,0.8277,0.1723,0.06,Bull,0.52,N/A,0.3,OK,1.0091,0.4545,CHAOTIC,0.95,0.5,0.9796,True,-0.1468,1.0,macd_norm,0.002557,0.9841,0.6171,0.2328,0.95,MILD,MILD_ADJUST,0.3934,0.9079,0.75,STRONG SYCOPHANCY — low dominance (−25%),0.0566,HARMONY,1.0,7.16,7.16,0.1507,7,HOLD,1.34,hold,—,2024-09-09,2024-09-16,Win13: Sideways-PreCut    (Sep09→16-2024)
SLV,1.0,1.0,0.0,0.03,Sideways,0.885,N/A,0.3,OK,0.9115,0.7029,SIDEWAYS,0.95,0.5,0.9307,False,0.0013,0.72,sma10_dist,0.001315,0.9916,0.6313,0.282,0.95,MILD,NO_CONFLICT,0.4735,0.9191,0.75,STRONG SYCOPHANCY — low dominance (−25%),0.2776,MILD,0.936,8.32,8.32,0.2102,32,HOLD,8.588,hold,—,2024-09-09,2024-09-16,Win13: Sideways-PreCut    (Sep09→16-2024)
XOM,0.0001,0.0001,0.0001,-0.02,Sideways,0.98,N/A,0.35,OK,0.9052,0.7357,SIDEWAYS,0.9954,0.6848,0.9503,True,-0.7019,1.0,RSI,-0.001677,0.2123,0.2017,0.2829,0.95,MILD,NO_CONFLICT,0.1513,0.8765,0.75,STRONG SYCOPHANCY — low dominance (−25%),0.4374,MODERATE,0.75,0.0,2.0,-0.2731,0,SELL,-2.0,noise_c,🔍✓,2024-09-09,2024-09-16,Win13: Sideways-PreCut    (Sep09→16-2024)
CVX,1.0,1.0,0.0,-0.01,Sideways,0.98,N/A,0.35,OK,0.9283,0.614,SIDEWAYS,0.9355,0.6182,0.9319,True,0.0286,1.0,sma10_dist,0.001108,0.9883,0.8749,0.288,0.95,MILD,NO_CONFLICT,0.6562,0.8649,0.75,STRONG SYCOPHANCY — low dominance (−25%),0.2777,MILD,0.7038,14.08,14.08,0.4843,10,BUY,1.276,noise_c,🔍✓,2024-09-09,2024-09-16,Win13: Sideways-PreCut    (Sep09→16-2024)
WMT,0.8481,0.8481,0.1519,0.04,Sideways,0.885,N/A,0.3381,OK,0.9854,0.5729,CHAOTIC,0.9954,0.6845,0.9904,True,-0.1201,1.0,RSI,0.001679,0.9829,0.9248,0.1944,1.0,HARMONY,MILD_ADJUST,0.5896,0.9142,0.75,STRONG SYCOPHANCY — low dominance (−25%),0.3354,MILD,0.9,17.3,17.3,0.3844,22,BUY,4.163,correct,✅,2024-09-09,2024-09-16,Win13: Sideways-PreCut    (Sep09→16-2024)
PG,0.0,0.0,0.0,0.03,Sideways,0.98,N/A,0.4723,MINOR,1.009,0.4552,NEUTRAL,0.9652,0.6508,0.9871,True,-0.2543,1.0,RSI,-0.001953,0.2192,0.2164,0.294,0.95,MILD,NO_CONFLICT,0.1565,0.8792,0.75,STRONG SYCOPHANCY — low dominance (−25%),0.45,MODERATE,0.6375,0.0,2.0,-0.2653,0,SELL,0.67,noise_w,🔍✗,2024-09-09,2024-09-16,Win13: Sideways-PreCut    (Sep09→16-2024)
JNJ,0.5799,0.5799,0.4201,0.03,Bull,0.98,N/A,0.3743,OK,1.0084,0.4578,CHAOTIC,1.0849,0.7829,1.0467,True,-0.315,1.0,sma10_dist,0.002576,0.814,0.852,0.279,0.95,MILD,MILD_ADJUST,0.5432,0.9357,0.75,STRONG SYCOPHANCY — low dominance (−25%),0.2448,MILD,0.8528,14.6,14.6,0.3604,9,BUY,0.228,noise_c,🔍✓,2024-09-09,2024-09-16,Win13: Sideways-PreCut    (Sep09→16-2024)
NFLX,0.9983,0.9983,0.0017,0.04,Bear,0.88,N/A,0.5533,MINOR,0.9182,0.6675,SIDEWAYS,0.9655,0.6515,0.9419,True,0.0624,1.0,sma10_dist,0.00118,0.9919,0.8875,0.6697,0.5,CRITICAL,MILD_ADJUST,0.6146,0.9265,0.75,STRONG SYCOPHANCY — low dominance (−25%),0.6828,HIGH,0.572,4.97,4.97,0.3576,7,HOLD,3.121,hold,—,2024-09-09,2024-09-16,Win13: Sideways-PreCut    (Sep09→16-2024)
DIS,1.0,1.0,0.0,0.02,Sideways,0.815,N/A,0.3347,OK,0.9137,0.6909,SIDEWAYS,0.9655,0.6515,0.9396,False,0.0024,0.72,sma10_dist,0.001883,0.9909,0.6368,0.283,0.95,MILD,NO_CONFLICT,0.4776,0.9278,0.75,STRONG SYCOPHANCY — low dominance (−25%),0.2761,MILD,0.828,8.51,8.51,0.2164,9,HOLD,3.973,hold,—,2024-09-09,2024-09-16,Win13: Sideways-PreCut    (Sep09→16-2024)
CRM,1.0,1.0,0.0,0.04,Bear,0.98,N/A,0.3294,OK,0.9143,0.6877,SIDEWAYS,0.9655,0.6515,0.9399,True,0.0287,1.0,sma10_dist,0.002453,0.9919,0.8857,0.671,0.5,CRITICAL,NO_CONFLICT,0.6643,0.9278,0.75,STRONG SYCOPHANCY — low dominance (−25%),0.6958,HIGH,0.572,5.72,5.72,0.4405,2,HOLD,4.537,hold,—,2024-09-09,2024-09-16,Win13: Sideways-PreCut    (Sep09→16-2024)
PLTR,0.0,0.0,0.0,0.03,Bear,0.89,N/A,0.502,MINOR,1.0081,0.4597,CHAOTIC,1.0014,0.7713,1.0048,True,-0.1136,1.0,sma50_dist,-0.002709,0.1592,0.16,0.2805,0.95,MILD,NO_CONFLICT,0.1138,0.9279,0.75,STRONG SYCOPHANCY — low dominance (−25%),0.2618,MILD,0.828,0.0,2.0,-0.4769,0,SELL,4.942,wrong,❌,2024-09-09,2024-09-16,Win13: Sideways-PreCut    (Sep09→16-2024)
AAPL,1.0,1.0,0.0,0.04,Sideways,0.79,N/A,0.3193,OK,0.9163,0.6775,SIDEWAYS,0.9654,0.6515,0.9408,True,0.024,1.0,macd_norm,0.001924,0.9922,0.8869,0.281,0.95,MILD,NO_CONFLICT,0.5765,0.9789,0.65,EXTREME SYCOPHANCY — ensemble collapsed (−35%),0.2741,MILD,0.936,16.22,16.22,0.3647,7,BUY,2.127,correct,✅,2024-11-18,2024-11-25,Win14: Sideways-PostElec  (Nov18→25-2024)
MSFT,1.0,1.0,0.0,0.05,Bear,0.98,N/A,0.4761,MINOR,0.9007,0.7595,SIDEWAYS,0.9954,0.6848,0.948,True,0.0802,1.0,RSI,-0.001815,0.9925,0.941,0.67,0.5,CRITICAL,MILD_ADJUST,0.5884,0.9789,0.65,EXTREME SYCOPHANCY — ensemble collapsed (−35%),0.7235,HIGH,0.572,4.03,4.03,0.314,0,HOLD,0.93,hold,—,2024-11-18,2024-11-25,Win14: Sideways-PostElec  (Nov18→25-2024)
NVDA,0.0,0.0,0.0,0.18,Bear,0.68,N/A,0.4487,MINOR,1.009,0.4551,NEUTRAL,0.9655,0.6515,0.9872,True,-0.1017,1.0,macd_norm,0.001573,0.1802,0.2789,0.2893,0.95,MILD,HOLD,0.2652,0.9657,0.65,EXTREME SYCOPHANCY — ensemble collapsed (−35%),0.5874,MODERATE,0.69,0.0,2.0,-0.2247,0,SELL,-2.947,noise_c,🔍✓,2024-11-18,2024-11-25,Win14: Sideways-PostElec  (Nov18→25-2024)
TSLA,0.0,0.0,0.0,0.12,Bear,0.89,N/A,0.948,CRITICAL,1.009,0.4552,CHAOTIC,1.0014,0.7713,1.0052,True,-0.347,1.0,sma10_dist,-0.004293,0.1718,0.1727,0.361,0.85,MODERATE,SYSTEMIC_VETO,0.0337,0.9657,0.65,EXTREME SYCOPHANCY — ensemble collapsed (−35%),0.5161,MODERATE,0.69,0.0,2.0,-0.6106,0,SELL,-0.044,noise_c,🔍✓,2024-11-18,2024-11-25,Win14: Sideways-PostElec  (Nov18→25-2024)
META,1.0,1.0,0.0,0.06,Sideways,0.805,N/A,0.4764,MINOR,1.008,0.4599,CHAOTIC,0.9655,0.6515,0.9868,True,0.0253,1.0,vol_change,-0.001726,0.9934,0.9802,0.279,0.95,MILD,MILD_ADJUST,0.6128,0.9629,0.65,EXTREME SYCOPHANCY — ensemble collapsed (−35%),0.2729,MILD,0.828,14.21,14.21,0.4192,2,BUY,1.932,noise_c,🔍✓,2024-11-18,2024-11-25,Win14: Sideways-PostElec  (Nov18→25-2024)
GOOGL,0.0,0.0,0.0,0.04,Bear,0.88,N/A,0.4388,MINOR,0.9903,0.5483,CHAOTIC,0.9655,0.6515,0.9779,True,-0.0349,1.0,sma20_dist,-0.001402,0.1606,0.1571,0.237,0.95,MILD,NO_CONFLICT,0.1001,0.9563,0.65,EXTREME SYCOPHANCY — ensemble collapsed (−35%),0.2536,MILD,0.936,0.0,2.0,-0.4998,0,SELL,-4.364,correct,✅,2024-11-18,2024-11-25,Win14: Sideways-PostElec  (Nov18→25-2024)
AMZN,0.9867,0.9867,0.0133,0.05,Sideways,0.885,N/A,0.4115,MINOR,1.008,0.46,CHAOTIC,0.9655,0.6515,0.9868,True,0.1133,1.0,log_return,0.003787,0.9924,0.9793,0.2823,0.95,MILD,NO_CONFLICT,0.7302,0.9376,0.75,STRONG SYCOPHANCY — low dominance (−25%),0.2953,MILD,0.936,18.72,18.72,0.5953,9,BUY,-0.124,noise_w,🔍✗,2024-11-18,2024-11-25,Win14: Sideways-PostElec  (Nov18→25-2024)
AMD,0.0189,0.0189,0.0189,0.06,Bear,0.98,N/A,0.8214,CRITICAL,0.9023,0.7512,SIDEWAYS,0.9655,0.6515,0.9339,True,-0.1513,1.0,macd_norm,-0.002591,0.1707,0.1594,0.2886,0.95,MILD,SYSTEMIC_VETO,0.0358,0.9446,0.75,STRONG SYCOPHANCY — low dominance (−25%),0.1308,HARMONY,1.0,0.0,2.0,-0.6069,0,SELL,1.584,noise_w,🔍✗,2024-11-18,2024-11-25,Win14: Sideways-PostElec  (Nov18→25-2024)
INTC,0.0017,0.0017,0.0017,0.02,Bear,0.68,N/A,0.9146,CRITICAL,0.9871,0.5646,CHAOTIC,0.9355,0.6182,0.9613,True,-0.4241,1.0,vol_change,-0.00784,0.1585,0.2574,0.2786,0.95,MILD,SYSTEMIC_VETO,0.0579,0.9425,0.75,STRONG SYCOPHANCY — low dominance (−25%),0.2954,MILD,0.936,0.0,2.0,-0.5702,0,SELL,0.121,noise_w,🔍✗,2024-11-18,2024-11-25,Win14: Sideways-PostElec  (Nov18→25-2024)
ORCL,1.0,1.0,0.0,0.05,Bear,0.88,N/A,0.4159,MINOR,1.0111,0.4446,CHAOTIC,0.9655,0.6515,0.9883,False,0.0016,0.72,sma20_dist,-0.00183,0.9925,0.7063,0.67,0.5,CRITICAL,NO_CONFLICT,0.4555,0.9546,0.65,EXTREME SYCOPHANCY — ensemble collapsed (−35%),0.7067,HIGH,0.55,1.13,1.13,0.0924,0,HOLD,1.217,hold,—,2024-11-18,2024-11-25,Win14: Sideways-PostElec  (Nov18→25-2024)
SPY,0.9994,0.9994,0.0006,0.04,Sideways,0.93,N/A,0.3,OK,0.9913,0.5433,CHAOTIC,0.95,0.5,0.9707,True,0.0594,1.0,RSI,0.007323,0.9922,0.9149,0.2807,0.95,MILD,NO_CONFLICT,0.5947,0.9546,0.65,EXTREME SYCOPHANCY — ensemble collapsed (−35%),0.2802,MILD,0.828,15.42,15.42,0.392,2,BUY,1.595,correct,✅,2024-11-18,2024-11-25,Win14: Sideways-PostElec  (Nov18→25-2024)
QQQ,1.0,1.0,0.0,0.07,Sideways,0.86,N/A,0.3,OK,1.0082,0.4588,CHAOTIC,0.95,0.5,0.9791,True,0.0235,1.0,RSI,0.001664,0.9939,0.9731,0.278,0.95,MILD,NO_CONFLICT,0.6325,0.9546,0.65,EXTREME SYCOPHANCY — ensemble collapsed (−35%),0.2048,HARMONY,1.0,20.0,20.0,0.4488,4,BUY,1.314,correct,✅,2024-11-18,2024-11-25,Win14: Sideways-PostElec  (Nov18→25-2024)
DIA,1.0,1.0,0.0,0.02,Sideways,0.88,N/A,0.3,OK,0.9916,0.5419,NEUTRAL,0.95,0.5,0.9708,False,0.0036,0.72,RSI,0.003049,0.9909,0.658,0.283,0.95,MILD,NO_CONFLICT,0.4277,0.9546,0.65,EXTREME SYCOPHANCY — ensemble collapsed (−35%),0.2772,MILD,0.936,6.29,6.29,0.1416,1,HOLD,3.079,hold,—,2024-11-18,2024-11-25,Win14: Sideways-PostElec  (Nov18→25-2024)
IWM,1.0,1.0,0.0,0.05,Bear,0.88,N/A,0.3,OK,0.9123,0.6985,SIDEWAYS,0.95,0.5,0.9311,False,0.0011,0.72,log_return,0.001906,0.9925,0.6654,0.67,0.5,CRITICAL,NO_CONFLICT,0.4325,0.9546,0.65,EXTREME SYCOPHANCY — ensemble collapsed (−35%),0.7067,HIGH,0.55,0.7,0.7,0.0542,0,HOLD,5.884,hold,—,2024-11-18,2024-11-25,Win14: Sideways-PostElec  (Nov18→25-2024)
JPM,1.0,1.0,0.0,0.05,Bear,0.89,N/A,0.3738,OK,0.9892,0.5541,CHAOTIC,1.0614,0.838,1.0253,False,0.0002,0.72,RSI,0.003023,0.9925,0.7327,0.6947,0.5,CRITICAL,NO_CONFLICT,0.4763,0.9546,0.65,EXTREME SYCOPHANCY — ensemble collapsed (−35%),0.7085,HIGH,0.506,0.94,0.94,0.1271,0,HOLD,2.147,hold,—,2024-11-18,2024-11-25,Win14: Sideways-PostElec  (Nov18→25-2024)
BAC,1.0,1.0,0.0,0.04,Bear,0.89,N/A,0.3294,OK,1.0108,0.4461,CHAOTIC,0.9655,0.6515,0.9881,False,0.0003,0.72,sma20_dist,0.001561,0.9919,0.6704,0.6735,0.5,CRITICAL,NO_CONFLICT,0.4358,0.9546,0.65,EXTREME SYCOPHANCY — ensemble collapsed (−35%),0.6813,HIGH,0.506,0.61,0.61,0.0596,1,HOLD,1.67,hold,—,2024-11-18,2024-11-25,Win14: Sideways-PostElec  (Nov18→25-2024)
GS,1.0,1.0,0.0,0.06,Sideways,0.885,N/A,0.3423,OK,1.0082,0.4589,CHAOTIC,0.9955,0.6848,1.0019,False,0.0006,0.72,log_return,0.001954,0.9934,0.7166,0.3156,0.95,MILD,NO_CONFLICT,0.4658,0.9546,0.65,EXTREME SYCOPHANCY — ensemble collapsed (−35%),0.279,MILD,0.828,3.91,3.91,0.1987,0,HOLD,2.558,hold,—,2024-11-18,2024-11-25,Win14: Sideways-PostElec  (Nov18→25-2024)
V,0.6824,0.6824,0.3176,0.04,Sideways,0.92,N/A,0.4,OK,1.0083,0.4587,CHAOTIC,0.9955,0.6848,1.0019,True,-0.2801,1.0,log_return,-0.002479,0.9382,0.893,0.1,1.0,HARMONY,MILD_ADJUST,0.4934,0.9648,0.65,EXTREME SYCOPHANCY — ensemble collapsed (−35%),0.2815,MILD,0.9,10.81,10.81,0.2401,3,HOLD,0.33,hold,—,2024-11-18,2024-11-25,Win14: Sideways-PostElec  (Nov18→25-2024)
GLD,0.9989,0.9989,0.0011,-0.04,Sideways,0.98,N/A,0.3,OK,0.9804,0.5982,NEUTRAL,0.95,0.5,0.9652,False,0.0,0.72,RSI,0.00288,0.9849,0.6502,0.2963,0.95,MILD,NO_CONFLICT,0.4226,0.9651,0.65,EXTREME SYCOPHANCY — ensemble collapsed (−35%),0.2825,MILD,0.9,5.73,5.73,0.1339,2,HOLD,0.577,hold,—,2024-11-18,2024-11-25,Win14: Sideways-PostElec  (Nov18→25-2024)
TLT,1.0,1.0,0.0,-0.05,Sideways,0.88,N/A,0.3,OK,1.0133,0.4336,NEUTRAL,0.95,0.5,0.9817,False,0.0003,0.72,RSI,0.001647,0.9836,0.6952,0.3,0.95,MILD,NO_CONFLICT,0.4519,0.9614,0.65,EXTREME SYCOPHANCY — ensemble collapsed (−35%),0.2781,MILD,0.9,7.6,7.6,0.1778,8,HOLD,2.759,hold,—,2024-11-18,2024-11-25,Win14: Sideways-PostElec  (Nov18→25-2024)
SLV,0.0001,0.0001,0.0001,-0.02,Bear,0.68,N/A,0.3,OK,0.9194,0.661,SIDEWAYS,0.95,0.5,0.9347,True,-0.9833,1.0,vol_change,-0.003444,0.1522,0.2463,0.2205,0.95,MILD,NO_CONFLICT,0.1601,0.9638,0.65,EXTREME SYCOPHANCY — ensemble collapsed (−35%),0.2992,MILD,0.9,0.0,2.0,-0.3998,0,SELL,-2.643,noise_c,🔍✓,2024-11-18,2024-11-25,Win14: Sideways-PostElec  (Nov18→25-2024)
XOM,0.0001,0.0001,0.0001,0.03,Sideways,0.91,N/A,0.35,OK,0.9119,0.7004,SIDEWAYS,0.9954,0.6848,0.9536,True,-0.8869,1.0,sma10_dist,-0.001157,0.2192,0.2091,0.294,0.95,MILD,NO_CONFLICT,0.1359,0.9638,0.65,EXTREME SYCOPHANCY — ensemble collapsed (−35%),0.4553,MODERATE,0.75,0.0,2.0,-0.2961,0,SELL,-0.283,noise_c,🔍✓,2024-11-18,2024-11-25,Win14: Sideways-PostElec  (Nov18→25-2024)
CVX,0.2362,0.2362,0.2362,0.02,Sideways,0.82,N/A,0.35,OK,1.0098,0.4512,NEUTRAL,0.9654,0.6515,0.9876,True,-0.7514,1.0,vol_change,-0.001491,0.3087,0.3049,0.1564,1.0,HARMONY,MILD_ADJUST,0.1685,0.9655,0.65,EXTREME SYCOPHANCY — ensemble collapsed (−35%),0.2973,MILD,0.9,0.0,2.0,-0.2473,0,SELL,-0.249,noise_c,🔍✓,2024-11-18,2024-11-25,Win14: Sideways-PostElec  (Nov18→25-2024)
WMT,1.0,1.0,0.0,0.03,Sideways,0.94,N/A,0.3381,OK,0.9898,0.5508,CHAOTIC,0.9954,0.6847,0.9926,False,0.0006,0.72,macd_norm,0.004157,0.9916,0.6732,0.282,0.95,MILD,NO_CONFLICT,0.5049,0.9427,0.75,STRONG SYCOPHANCY — low dominance (−25%),0.279,MILD,0.9,11.0,11.0,0.2574,13,HOLD,6.446,hold,—,2024-11-18,2024-11-25,Win14: Sideways-PostElec  (Nov18→25-2024)
PG,0.0,0.0,0.0,0.01,Sideways,0.91,N/A,0.4723,MINOR,0.9168,0.675,SIDEWAYS,0.9354,0.6181,0.9261,True,-0.2711,1.0,RSI,-0.001415,0.2164,0.2004,0.288,0.95,MILD,NO_CONFLICT,0.1256,0.9655,0.65,EXTREME SYCOPHANCY — ensemble collapsed (−35%),0.4318,MODERATE,0.75,0.0,2.0,-0.3116,0,SELL,3.889,wrong,❌,2024-11-18,2024-11-25,Win14: Sideways-PostElec  (Nov18→25-2024)
JNJ,1.0,1.0,0.0,0.01,Sideways,0.98,N/A,0.3743,OK,0.9284,0.6135,SIDEWAYS,0.9954,0.6847,0.9619,False,0.0001,0.72,RSI,0.002785,0.9901,0.6514,0.284,0.95,MILD,NO_CONFLICT,0.4234,0.9585,0.65,EXTREME SYCOPHANCY — ensemble collapsed (−35%),0.2777,MILD,0.9,5.78,5.78,0.1351,3,HOLD,0.653,hold,—,2024-11-18,2024-11-25,Win14: Sideways-PostElec  (Nov18→25-2024)
NFLX,1.0,1.0,0.0,0.05,Bear,0.94,N/A,0.5533,MINOR,1.0124,0.4381,CHAOTIC,1.0314,0.8046,1.0219,False,0.0003,0.72,sma50_dist,0.003186,0.9925,0.7303,0.67,0.5,CRITICAL,MILD_ADJUST,0.4383,0.9585,0.65,EXTREME SYCOPHANCY — ensemble collapsed (−35%),0.7171,HIGH,0.55,0.88,0.88,0.0638,1,HOLD,2.189,hold,—,2024-11-18,2024-11-25,Win14: Sideways-PostElec  (Nov18→25-2024)
DIS,1.0,1.0,0.0,0.03,Sideways,0.735,N/A,0.3347,OK,1.0105,0.4475,CHAOTIC,0.9655,0.6515,0.988,False,0.0037,0.72,log_return,0.001633,0.9916,0.6701,0.282,0.95,MILD,NO_CONFLICT,0.4356,0.9585,0.65,EXTREME SYCOPHANCY — ensemble collapsed (−35%),0.2733,MILD,0.828,5.19,5.19,0.1533,4,HOLD,2.167,hold,—,2024-11-18,2024-11-25,Win14: Sideways-PostElec  (Nov18→25-2024)
CRM,1.0,1.0,0.0,0.05,Sideways,0.885,N/A,0.3294,OK,1.0121,0.4395,CHAOTIC,0.9355,0.6182,0.9738,True,0.0236,1.0,log_return,0.001831,0.9928,0.9668,0.2819,0.95,MILD,NO_CONFLICT,0.6284,0.9585,0.65,EXTREME SYCOPHANCY — ensemble collapsed (−35%),0.2784,MILD,0.936,16.03,16.03,0.4426,5,BUY,5.232,correct,✅,2024-11-18,2024-11-25,Win14: Sideways-PostElec  (Nov18→25-2024)
PLTR,0.0017,0.0017,0.0017,0.18,Bear,0.89,N/A,0.502,MINOR,1.0132,0.434,CHAOTIC,0.9655,0.6515,0.9894,True,-0.873,1.0,sma10_dist,-0.002958,0.1808,0.1789,0.3792,0.85,MODERATE,HOLD,0.2652,0.9578,0.65,EXTREME SYCOPHANCY — ensemble collapsed (−35%),0.5426,MODERATE,0.75,0.0,2.0,-0.2247,0,SELL,5.534,wrong,❌,2024-11-18,2024-11-25,Win14: Sideways-PostElec  (Nov18→25-2024)
AAPL,0.0,0.0,0.0,-0.04,Bear,0.72,N/A,0.3193,OK,0.9053,0.7354,SIDEWAYS,0.9355,0.6182,0.9204,True,-0.0119,1.0,macd_norm,-0.001063,0.1494,0.1485,0.213,0.95,MILD,NO_CONFLICT,0.1114,0.9456,0.75,STRONG SYCOPHANCY — low dominance (−25%),0.2382,MILD,0.828,0.0,2.0,-0.481,0,SELL,-5.926,correct,✅,2025-03-10,2025-03-17,Win15: Sideways-TariffFUD (Mar10→17-2025)
MSFT,0.0999,0.0999,0.0999,-0.03,Bear,0.86,N/A,0.4761,MINOR,1.0087,0.4565,CHAOTIC,1.0014,0.7713,1.005,True,-0.8401,1.0,log_return,0.00182,0.1892,0.1902,0.231,0.95,MILD,MILD_ADJUST,0.1235,0.9445,0.75,STRONG SYCOPHANCY — low dominance (−25%),0.1489,HARMONY,1.04,0.0,2.0,-0.4608,0,SELL,2.246,wrong,❌,2025-03-10,2025-03-17,Win15: Sideways-TariffFUD (Mar10→17-2025)
NVDA,1.0,1.0,0.0,-0.07,Bear,0.98,N/A,0.4487,MINOR,0.9276,0.618,SIDEWAYS,0.9355,0.6182,0.9315,True,0.4203,1.0,log_return,0.001429,0.9799,0.9129,0.7456,0.5,CRITICAL,MILD_ADJUST,0.5789,0.9731,0.65,EXTREME SYCOPHANCY — ensemble collapsed (−35%),0.6987,HIGH,0.572,2.13,2.13,0.2982,1,HOLD,11.741,hold,—,2025-03-10,2025-03-17,Win15: Sideways-TariffFUD (Mar10→17-2025)
TSLA,0.0225,0.0225,0.0225,-0.08,Bear,0.98,N/A,0.948,CRITICAL,1.0109,0.4455,CHAOTIC,0.9355,0.6182,0.9732,True,-0.2394,1.0,log_return,0.005342,0.1525,0.1603,0.2998,0.95,MILD,SYSTEMIC_VETO,0.0313,0.9683,0.65,EXTREME SYCOPHANCY — ensemble collapsed (−35%),0.0587,HARMONY,0.92,0.0,2.0,-0.6146,0,SELL,7.139,wrong,❌,2025-03-10,2025-03-17,Win15: Sideways-TariffFUD (Mar10→17-2025)
META,0.0562,0.0562,0.0562,-0.03,Bear,0.98,N/A,0.4764,MINOR,0.9254,0.6297,SIDEWAYS,0.84,0.3,0.8827,True,-0.8082,1.0,log_return,0.004918,0.1724,0.1522,0.2247,0.95,MILD,NO_CONFLICT,0.094,0.9686,0.65,EXTREME SYCOPHANCY — ensemble collapsed (−35%),0.1378,HARMONY,1.04,0.0,2.0,-0.51,0,SELL,1.246,noise_w,🔍✗,2025-03-10,2025-03-17,Win15: Sideways-TariffFUD (Mar10→17-2025)
GOOGL,0.0,0.0,0.0,-0.03,Bear,0.98,N/A,0.4388,MINOR,0.9916,0.5418,NEUTRAL,1.0014,0.7713,0.9965,True,-0.4612,1.0,sma50_dist,-0.001692,0.1508,0.1503,0.216,0.95,MILD,NO_CONFLICT,0.1106,0.9399,0.75,STRONG SYCOPHANCY — low dominance (−25%),0.2517,MILD,0.936,0.0,2.0,-0.4824,0,SELL,-0.953,noise_c,🔍✓,2025-03-10,2025-03-17,Win15: Sideways-TariffFUD (Mar10→17-2025)
AMZN,0.0048,0.0048,0.0048,-0.04,Bear,0.98,N/A,0.4115,MINOR,0.9158,0.6799,SIDEWAYS,0.9355,0.6182,0.9256,True,-0.8126,1.0,log_return,0.003056,0.1513,0.1512,0.2137,0.95,MILD,NO_CONFLICT,0.1127,0.9197,0.75,STRONG SYCOPHANCY — low dominance (−25%),0.2299,MILD,0.936,0.0,2.0,-0.4788,0,SELL,0.617,noise_w,🔍✗,2025-03-10,2025-03-17,Win15: Sideways-TariffFUD (Mar10→17-2025)
AMD,0.9998,0.9998,0.0002,-0.06,Bear,0.98,N/A,0.8214,CRITICAL,0.9253,0.6298,SIDEWAYS,0.9655,0.6515,0.9454,True,0.589,1.0,sma20_dist,0.001593,0.9815,0.9279,0.6884,0.5,CRITICAL,MILD_ADJUST,0.5567,0.8811,0.75,STRONG SYCOPHANCY — low dominance (−25%),0.7576,HIGH,0.572,2.83,2.83,0.2612,2,HOLD,8.238,hold,—,2025-03-10,2025-03-17,Win15: Sideways-TariffFUD (Mar10→17-2025)
INTC,1.0,1.0,0.0,-0.05,Bear,0.98,N/A,0.9146,CRITICAL,0.9264,0.6243,SIDEWAYS,0.9355,0.6182,0.9309,False,0.0012,0.72,log_return,0.00126,0.983,0.6589,0.78,0.5,CRITICAL,MILD_ADJUST,0.3953,0.8811,0.75,STRONG SYCOPHANCY — low dominance (−25%),0.7235,HIGH,0.506,0.0,0.0,-0.0078,0,HOLD,28.901,hold,—,2025-03-10,2025-03-17,Win15: Sideways-TariffFUD (Mar10→17-2025)
ORCL,0.9995,0.9995,0.0005,0.01,Bear,0.98,N/A,0.4159,MINOR,0.9232,0.6408,SIDEWAYS,0.9655,0.6515,0.9444,True,0.0197,1.0,RSI,0.002392,0.9896,0.8878,0.7047,0.5,CRITICAL,NO_CONFLICT,0.6606,0.8811,0.75,STRONG SYCOPHANCY — low dominance (−25%),0.6358,MODERATE,0.69,3.91,3.91,0.4343,2,HOLD,3.508,hold,—,2025-03-10,2025-03-17,Win15: Sideways-TariffFUD (Mar10→17-2025)
SPY,0.9464,0.9464,0.0536,-0.04,Sideways,0.88,N/A,0.3,OK,0.9061,0.7313,SIDEWAYS,0.95,0.5,0.9281,False,-0.0084,0.72,RSI,0.0025,0.9807,0.6225,0.2665,0.95,MILD,NO_CONFLICT,0.4636,0.8959,0.75,STRONG SYCOPHANCY — low dominance (−25%),0.3454,MILD,0.828,7.68,7.68,0.1954,1,HOLD,1.172,hold,—,2025-03-10,2025-03-17,Win15: Sideways-TariffFUD (Mar10→17-2025)
QQQ,1.0,1.0,0.0,-0.06,Sideways,0.725,N/A,0.3,OK,0.924,0.637,SIDEWAYS,0.95,0.5,0.937,True,0.1059,1.0,log_return,0.002328,0.9822,0.9204,0.303,0.95,MILD,NO_CONFLICT,0.6903,0.8534,0.75,STRONG SYCOPHANCY — low dominance (−25%),0.2661,MILD,0.9,18.0,18.0,0.5354,3,BUY,2.124,correct,✅,2025-03-10,2025-03-17,Win15: Sideways-TariffFUD (Mar10→17-2025)
DIA,0.0064,0.0064,0.0064,-0.03,Sideways,0.76,N/A,0.3,OK,0.9146,0.6863,SIDEWAYS,0.95,0.5,0.9323,True,-0.4236,1.0,macd_norm,-0.001462,0.2133,0.1988,0.2783,0.95,MILD,NO_CONFLICT,0.1491,0.9109,0.75,STRONG SYCOPHANCY — low dominance (−25%),0.4571,MODERATE,0.78,0.0,2.0,-0.2763,0,SELL,-0.067,noise_c,🔍✓,2025-03-10,2025-03-17,Win15: Sideways-TariffFUD (Mar10→17-2025)
IWM,1.0,1.0,0.0,-0.05,Sideways,0.88,N/A,0.3,OK,0.9912,0.5441,CHAOTIC,0.95,0.5,0.9706,True,0.1152,1.0,RSI,0.000835,0.9836,0.9547,0.3,0.95,MILD,NO_CONFLICT,0.716,0.8561,0.75,STRONG SYCOPHANCY — low dominance (−25%),0.2782,MILD,0.9,18.0,18.0,0.574,9,BUY,2.331,correct,✅,2025-03-10,2025-03-17,Win15: Sideways-TariffFUD (Mar10→17-2025)
JPM,0.997,0.997,0.003,-0.02,Bear,0.98,N/A,0.3738,OK,1.0102,0.4492,CHAOTIC,0.9655,0.6515,0.9879,True,0.0296,1.0,log_return,0.002743,0.9865,0.9258,0.6747,0.5,CRITICAL,NO_CONFLICT,0.6944,0.8896,0.75,STRONG SYCOPHANCY — low dominance (−25%),0.6564,HIGH,0.55,5.5,5.5,0.4906,2,HOLD,0.736,hold,—,2025-03-10,2025-03-17,Win15: Sideways-TariffFUD (Mar10→17-2025)
BAC,0.9928,0.9928,0.0072,-0.03,Bear,0.98,N/A,0.3294,OK,0.9247,0.6329,SIDEWAYS,0.9655,0.6515,0.9451,True,0.267,1.0,log_return,0.001722,0.9851,0.8845,0.674,0.5,CRITICAL,NO_CONFLICT,0.6634,0.9231,0.75,STRONG SYCOPHANCY — low dominance (−25%),0.6834,HIGH,0.506,4.55,4.55,0.439,11,HOLD,4.042,hold,—,2025-03-10,2025-03-17,Win15: Sideways-TariffFUD (Mar10→17-2025)
GS,1.0,1.0,0.0,-0.02,Bear,0.98,N/A,0.3423,OK,0.9192,0.6623,SIDEWAYS,0.9355,0.6182,0.9274,False,0.0096,0.72,log_return,0.002115,0.9867,0.6259,0.6846,0.5,CRITICAL,NO_CONFLICT,0.4694,0.922,0.75,STRONG SYCOPHANCY — low dominance (−25%),0.6525,HIGH,0.506,1.11,1.11,0.1157,0,HOLD,3.702,hold,—,2025-03-10,2025-03-17,Win15: Sideways-TariffFUD (Mar10→17-2025)
V,0.0079,0.0079,0.0079,-0.02,Sideways,0.98,N/A,0.4,OK,1.0119,0.4404,CHAOTIC,0.9954,0.6847,1.0036,True,-0.9565,1.0,RSI,0.00243,0.2152,0.216,0.2785,0.95,MILD,NO_CONFLICT,0.1404,1.0,0.65,EXTREME SYCOPHANCY — ensemble collapsed (−35%),0.4252,MODERATE,0.69,0.0,2.0,-0.2894,0,SELL,-2.029,correct,✅,2025-03-10,2025-03-17,Win15: Sideways-TariffFUD (Mar10→17-2025)
GLD,1.0,1.0,0.0,0.07,Sideways,0.79,N/A,0.3,OK,1.0118,0.441,NEUTRAL,0.95,0.5,0.9809,False,0.0057,0.72,macd_norm,0.00206,0.9939,0.7019,0.278,0.95,MILD,NO_CONFLICT,0.4562,0.9745,0.65,EXTREME SYCOPHANCY — ensemble collapsed (−35%),0.1963,HARMONY,1.0,8.76,8.76,0.1844,3,HOLD,4.018,hold,—,2025-03-10,2025-03-17,Win15: Sideways-TariffFUD (Mar10→17-2025)
TLT,0.9987,0.9987,0.0013,0.04,Sideways,0.98,N/A,0.3,OK,0.9251,0.6309,SIDEWAYS,0.95,0.5,0.9375,True,0.0161,1.0,RSI,0.001576,0.9922,0.8837,0.2802,0.95,MILD,NO_CONFLICT,0.5744,0.9548,0.65,EXTREME SYCOPHANCY — ensemble collapsed (−35%),0.2827,MILD,0.936,16.08,16.08,0.3616,18,BUY,-0.472,noise_w,🔍✗,2025-03-10,2025-03-17,Win15: Sideways-TariffFUD (Mar10→17-2025)
SLV,1.0,1.0,0.0,0.03,Sideways,0.82,N/A,0.3,OK,1.0067,0.4665,NEUTRAL,0.95,0.5,0.9783,False,0.0074,0.72,macd_norm,0.003239,0.9916,0.6636,0.282,0.95,MILD,NO_CONFLICT,0.4977,0.8968,0.75,STRONG SYCOPHANCY — low dominance (−25%),0.2758,MILD,0.9,10.54,10.54,0.2465,36,HOLD,5.84,hold,—,2025-03-10,2025-03-17,Win15: Sideways-TariffFUD (Mar10→17-2025)
XOM,1.0,1.0,0.0,-0.03,Sideways,0.765,N/A,0.35,OK,0.8967,0.7804,SIDEWAYS,1.0486,0.8621,0.9727,True,0.0108,1.0,sma10_dist,0.001716,0.9861,0.9112,0.294,0.95,MILD,NO_CONFLICT,0.6834,0.8968,0.75,STRONG SYCOPHANCY — low dominance (−25%),0.2742,MILD,0.936,18.72,18.72,0.5251,17,BUY,1.753,noise_c,🔍✓,2025-03-10,2025-03-17,Win15: Sideways-TariffFUD (Mar10→17-2025)
CVX,1.0,1.0,0.0,-0.02,Sideways,0.73,N/A,0.35,OK,0.9209,0.6531,SIDEWAYS,0.9954,0.6848,0.9582,False,0.0003,0.72,sma10_dist,0.000766,0.9873,0.647,0.291,0.95,MILD,NO_CONFLICT,0.4853,0.8968,0.75,STRONG SYCOPHANCY — low dominance (−25%),0.2746,MILD,0.936,10.13,10.13,0.2279,6,HOLD,0.73,hold,—,2025-03-10,2025-03-17,Win15: Sideways-TariffFUD (Mar10→17-2025)
WMT,0.0003,0.0003,0.0003,-0.01,Bear,0.98,N/A,0.3381,OK,0.9818,0.5909,CHAOTIC,0.9655,0.6515,0.9737,True,-0.4732,1.0,log_return,0.003348,0.1537,0.1497,0.2356,0.95,MILD,NO_CONFLICT,0.1123,0.8831,0.75,STRONG SYCOPHANCY — low dominance (−25%),0.2677,MILD,0.936,0.0,2.0,-0.4795,0,SELL,-0.41,noise_c,🔍✓,2025-03-10,2025-03-17,Win15: Sideways-TariffFUD (Mar10→17-2025)
PG,0.0123,0.0123,0.0123,0.01,Sideways,0.73,N/A,0.4723,MINOR,0.9246,0.6334,SIDEWAYS,0.9954,0.6847,0.96,True,-0.9435,1.0,log_return,-0.000806,0.2211,0.2123,0.281,0.95,MILD,NO_CONFLICT,0.1535,0.8662,0.75,STRONG SYCOPHANCY — low dominance (−25%),0.4256,MODERATE,0.78,0.0,2.0,-0.2698,0,SELL,-3.688,correct,✅,2025-03-10,2025-03-17,Win15: Sideways-TariffFUD (Mar10→17-2025)
JNJ,0.0,0.0,0.0,0.02,Sideways,0.82,N/A,0.3743,OK,1.013,0.4352,NEUTRAL,0.9653,0.6512,0.9891,True,-0.3839,1.0,sma10_dist,-0.001679,0.2178,0.2154,0.291,0.95,MILD,NO_CONFLICT,0.1615,0.8606,0.75,STRONG SYCOPHANCY — low dominance (−25%),0.4502,MODERATE,0.75,0.0,2.0,-0.2577,0,SELL,-2.898,correct,✅,2025-03-10,2025-03-17,Win15: Sideways-TariffFUD (Mar10→17-2025)
NFLX,1.0,1.0,0.0,-0.03,Bear,0.98,N/A,0.5533,MINOR,0.9177,0.67,SIDEWAYS,0.9655,0.6515,0.9416,False,0.0058,0.72,log_return,0.0041,0.9856,0.6348,0.6946,0.5,CRITICAL,MILD_ADJUST,0.5275,0.8455,0.9,MODERATE SYCOPHANCY — low LSTM dominance (−10%),0.6724,HIGH,0.55,1.95,1.95,0.2125,2,HOLD,9.616,hold,—,2025-03-10,2025-03-17,Win15: Sideways-TariffFUD (Mar10→17-2025)
DIS,0.0074,0.0074,0.0074,-0.02,Bear,0.98,N/A,0.3347,OK,0.9103,0.709,SIDEWAYS,0.9655,0.6515,0.9379,True,-0.5654,1.0,RSI,0.003714,0.1551,0.1454,0.2201,0.95,MILD,NO_CONFLICT,0.1091,0.8768,0.75,STRONG SYCOPHANCY — low dominance (−25%),0.2444,MILD,0.828,0.0,2.0,-0.4849,0,SELL,-3.609,correct,✅,2025-03-10,2025-03-17,Win15: Sideways-TariffFUD (Mar10→17-2025)
CRM,0.2309,0.2309,0.2309,-0.04,Bear,0.98,N/A,0.3294,OK,0.991,0.5451,CHAOTIC,0.9655,0.6515,0.9783,True,-0.0372,1.0,log_return,0.003294,0.2383,0.2517,0.2476,0.95,MILD,MILD_ADJUST,0.1605,0.8898,0.75,STRONG SYCOPHANCY — low dominance (−25%),0.1308,HARMONY,1.04,0.0,2.0,-0.3992,0,SELL,2.877,wrong,❌,2025-03-10,2025-03-17,Win15: Sideways-TariffFUD (Mar10→17-2025)
PLTR,1.0,1.0,0.0,-0.04,Sideways,0.78,N/A,0.502,MINOR,0.9097,0.7122,SIDEWAYS,0.9355,0.6182,0.9226,False,0.0013,0.72,log_return,0.007071,0.9849,0.6216,0.397,0.85,MODERATE,MILD_ADJUST,0.4424,0.876,0.75,STRONG SYCOPHANCY — low dominance (−25%),0.2736,MILD,0.936,3.25,3.25,0.1636,4,HOLD,14.362,hold,—,2025-03-10,2025-03-17,Win15: Sideways-TariffFUD (Mar10→17-2025)
AAPL,1.0,1.0,0.0,0.07,Sideways,0.875,N/A,0.3193,OK,0.9893,0.5535,CHAOTIC,0.9655,0.6515,0.9774,False,0.0015,0.72,sma20_dist,0.001441,0.9939,0.6994,0.278,0.95,MILD,NO_CONFLICT,0.5246,0.876,0.75,STRONG SYCOPHANCY — low dominance (−25%),0.2066,MILD,0.936,11.84,11.84,0.2868,5,BUY,3.843,correct,✅,2024-08-12,2024-08-19,Win16: Bounce-YenRecov    (Aug12→19-2024)
MSFT,1.0,1.0,0.0,0.08,Sideways,0.83,N/A,0.4761,MINOR,0.9047,0.7383,SIDEWAYS,0.9654,0.6515,0.935,False,0.0007,0.72,RSI,-0.005716,0.9944,0.6694,0.277,0.95,MILD,MILD_ADJUST,0.483,0.876,0.75,STRONG SYCOPHANCY — low dominance (−25%),0.2002,MILD,0.936,9.98,9.98,0.2245,2,HOLD,3.805,hold,—,2024-08-12,2024-08-19,Win16: Bounce-YenRecov    (Aug12→19-2024)
NVDA,1.0,1.0,0.0,0.12,Sideways,0.83,N/A,0.4487,MINOR,0.9201,0.6571,SIDEWAYS,0.9355,0.6182,0.9278,False,0.0005,0.72,sma20_dist,0.001547,0.9958,0.6652,0.373,0.85,MODERATE,NO_CONFLICT,0.4868,0.876,0.75,STRONG SYCOPHANCY — low dominance (−25%),0.1958,MILD,0.936,4.58,4.58,0.2301,4,HOLD,19.244,hold,—,2024-08-12,2024-08-19,Win16: Bounce-YenRecov    (Aug12→19-2024)
TSLA,1.0,1.0,0.0,0.06,Bear,0.98,N/A,0.948,CRITICAL,0.9294,0.6086,SIDEWAYS,0.9655,0.6515,0.9475,True,0.0107,1.0,sma10_dist,0.004069,0.9931,0.9409,0.7511,0.5,CRITICAL,MILD_ADJUST,0.5646,0.876,0.75,STRONG SYCOPHANCY — low dominance (−25%),0.7571,HIGH,0.572,1.96,1.96,0.2743,0,HOLD,12.775,hold,—,2024-08-12,2024-08-19,Win16: Bounce-YenRecov    (Aug12→19-2024)
META,0.9999,0.9999,0.0001,0.09,Bear,0.89,N/A,0.4764,MINOR,0.9841,0.5796,CHAOTIC,0.9655,0.6515,0.9748,True,0.0272,1.0,vol_change,0.002724,0.9946,0.9695,0.6956,0.5,CRITICAL,MILD_ADJUST,0.6994,0.876,0.75,STRONG SYCOPHANCY — low dominance (−25%),0.6204,MODERATE,0.69,4.62,4.62,0.499,0,HOLD,2.584,hold,—,2024-08-12,2024-08-19,Win16: Bounce-YenRecov    (Aug12→19-2024)
GOOGL,0.9926,0.9926,0.0074,0.07,Sideways,0.855,N/A,0.4388,MINOR,0.9794,0.6028,CHAOTIC,0.9355,0.6182,0.9575,True,0.0161,1.0,RSI,0.000496,0.9937,0.9514,0.2738,0.95,MILD,NO_CONFLICT,0.6997,0.8685,0.75,STRONG SYCOPHANCY — low dominance (−25%),0.2083,MILD,0.828,16.56,16.56,0.5495,10,BUY,2.699,correct,✅,2024-08-12,2024-08-19,Win16: Bounce-YenRecov    (Aug12→19-2024)
AMZN,1.0,1.0,0.0,0.08,Bear,0.98,N/A,0.4115,MINOR,0.9257,0.6279,SIDEWAYS,0.9955,0.6848,0.9606,False,0.0029,0.72,RSI,0.003137,0.9941,0.6876,0.6873,0.5,CRITICAL,NO_CONFLICT,0.5127,0.9352,0.75,STRONG SYCOPHANCY — low dominance (−25%),0.6453,MODERATE,0.78,2.31,2.31,0.1878,1,HOLD,6.847,hold,—,2024-08-12,2024-08-19,Win16: Bounce-YenRecov    (Aug12→19-2024)
AMD,1.0,1.0,0.0,0.1,Bear,0.98,N/A,0.8214,CRITICAL,0.9901,0.5493,CHAOTIC,0.9655,0.6515,0.9778,False,0.0049,0.72,sma20_dist,0.00413,0.995,0.7005,0.73,0.5,CRITICAL,MILD_ADJUST,0.4203,0.9352,0.75,STRONG SYCOPHANCY — low dominance (−25%),0.6403,MODERATE,0.69,0.0,0.0,0.0338,0,HOLD,13.534,hold,—,2024-08-12,2024-08-19,Win16: Bounce-YenRecov    (Aug12→19-2024)
INTC,1.0,1.0,0.0,0.05,Bear,0.98,N/A,0.9146,CRITICAL,0.9868,0.5658,CHAOTIC,0.9655,0.6515,0.9762,False,0.0008,0.72,sma10_dist,0.003768,0.9925,0.6976,0.77,0.5,CRITICAL,MILD_ADJUST,0.4186,0.9352,0.75,STRONG SYCOPHANCY — low dominance (−25%),0.7235,HIGH,0.506,0.0,0.0,0.0309,0,HOLD,11.157,hold,—,2024-08-12,2024-08-19,Win16: Bounce-YenRecov    (Aug12→19-2024)
ORCL,1.0,1.0,0.0,0.06,Sideways,0.83,N/A,0.4159,MINOR,1.0062,0.4692,CHAOTIC,0.9655,0.6515,0.9859,False,0.0001,0.72,macd_norm,0.00172,0.9934,0.7051,0.279,0.95,MILD,NO_CONFLICT,0.5246,0.9352,0.75,STRONG SYCOPHANCY — low dominance (−25%),0.2749,MILD,0.828,9.59,9.59,0.2869,7,BUY,4.028,correct,✅,2024-08-12,2024-08-19,Win16: Bounce-YenRecov    (Aug12→19-2024)
SPY,1.0,1.0,0.0,0.1,Sideways,0.98,N/A,0.3,OK,0.9149,0.6847,SIDEWAYS,0.95,0.5,0.9325,False,0.0,0.72,vol_change,0.001117,0.9952,0.6681,0.275,0.95,MILD,NO_CONFLICT,0.5011,0.9352,0.75,STRONG SYCOPHANCY — low dominance (−25%),0.2145,MILD,0.9,10.76,10.76,0.2516,2,HOLD,4.939,hold,—,2024-08-12,2024-08-19,Win16: Bounce-YenRecov    (Aug12→19-2024)
QQQ,1.0,1.0,0.0,0.12,Sideways,0.815,N/A,0.3,OK,0.9225,0.6448,SIDEWAYS,0.95,0.5,0.9363,False,0.0001,0.72,sma10_dist,0.001415,0.9958,0.6713,0.273,0.95,MILD,NO_CONFLICT,0.5035,0.9352,0.75,STRONG SYCOPHANCY — low dominance (−25%),0.194,MILD,0.936,10.11,10.11,0.2552,2,HOLD,6.622,hold,—,2024-08-12,2024-08-19,Win16: Bounce-YenRecov    (Aug12→19-2024)
DIA,1.0,1.0,0.0,0.09,Sideways,0.98,N/A,0.3,OK,0.9838,0.5812,CHAOTIC,0.95,0.5,0.9669,False,0.0001,0.72,RSI,0.002445,0.9948,0.6925,0.276,0.95,MILD,NO_CONFLICT,0.5194,0.9352,0.75,STRONG SYCOPHANCY — low dominance (−25%),0.2156,MILD,0.936,12.41,12.41,0.2791,3,HOLD,3.979,hold,—,2024-08-12,2024-08-19,Win16: Bounce-YenRecov    (Aug12→19-2024)
IWM,1.0,1.0,0.0,0.11,Sideways,0.83,N/A,0.3,OK,0.9196,0.6597,SIDEWAYS,0.95,0.5,0.9348,False,0.0009,0.72,sma20_dist,0.001547,0.9955,0.67,0.274,0.95,MILD,NO_CONFLICT,0.5025,0.9352,0.75,STRONG SYCOPHANCY — low dominance (−25%),0.1969,MILD,0.936,9.53,9.53,0.2538,4,HOLD,5.181,hold,—,2024-08-12,2024-08-19,Win16: Bounce-YenRecov    (Aug12→19-2024)
JPM,1.0,1.0,0.0,0.08,Sideways,0.85,N/A,0.3738,OK,0.987,0.5648,CHAOTIC,1.0312,0.8042,1.0091,False,0.0015,0.72,RSI,0.00394,0.9944,0.7224,0.277,0.95,MILD,NO_CONFLICT,0.5418,0.9352,0.75,STRONG SYCOPHANCY — low dominance (−25%),0.2025,MILD,0.936,12.1,12.1,0.3127,6,BUY,4.491,correct,✅,2024-08-12,2024-08-19,Win16: Bounce-YenRecov    (Aug12→19-2024)
BAC,1.0,1.0,0.0,0.07,Sideways,0.83,N/A,0.3294,OK,0.9268,0.6219,SIDEWAYS,0.9955,0.6848,0.9611,False,0.0045,0.72,sma50_dist,0.004194,0.9939,0.6878,0.2795,0.95,MILD,NO_CONFLICT,0.5158,0.9352,0.75,STRONG SYCOPHANCY — low dominance (−25%),0.2013,MILD,0.936,9.96,9.96,0.2738,27,HOLD,3.93,hold,—,2024-08-12,2024-08-19,Win16: Bounce-YenRecov    (Aug12→19-2024)
GS,1.0,1.0,0.0,0.08,Sideways,0.855,N/A,0.3423,OK,0.9261,0.6256,SIDEWAYS,0.9954,0.6848,0.9607,False,0.0013,0.72,RSI,0.003173,0.9944,0.6878,0.2839,0.95,MILD,NO_CONFLICT,0.5158,0.9352,0.75,STRONG SYCOPHANCY — low dominance (−25%),0.2031,MILD,0.936,9.3,9.3,0.2738,1,HOLD,3.951,hold,—,2024-08-12,2024-08-19,Win16: Bounce-YenRecov    (Aug12→19-2024)
V,1.0,1.0,0.0,0.07,Bear,0.98,N/A,0.4,OK,0.9107,0.7069,SIDEWAYS,0.9949,0.6831,0.9528,False,0.0087,0.72,sma10_dist,0.001681,0.9937,0.6817,0.668,0.5,CRITICAL,NO_CONFLICT,0.5113,0.9352,0.75,STRONG SYCOPHANCY — low dominance (−25%),0.6479,MODERATE,0.78,3.53,3.53,0.1855,1,HOLD,2.532,hold,—,2024-08-12,2024-08-19,Win16: Bounce-YenRecov    (Aug12→19-2024)
GLD,1.0,1.0,0.0,0.04,Sideways,0.93,N/A,0.3,OK,0.9071,0.7256,SIDEWAYS,0.95,0.5,0.9285,False,0.0003,0.72,sma10_dist,0.00184,0.9922,0.6302,0.281,0.95,MILD,NO_CONFLICT,0.4727,0.9352,0.75,STRONG SYCOPHANCY — low dominance (−25%),0.2796,MILD,0.828,8.22,8.22,0.209,3,HOLD,1.401,hold,—,2024-08-12,2024-08-19,Win16: Bounce-YenRecov    (Aug12→19-2024)
TLT,1.0,1.0,0.0,-0.02,Sideways,0.94,N/A,0.3,OK,0.9169,0.674,SIDEWAYS,0.95,0.5,0.9335,True,0.037,1.0,macd_norm,0.001441,0.9873,0.8755,0.291,0.95,MILD,NO_CONFLICT,0.6566,0.9352,0.75,STRONG SYCOPHANCY — low dominance (−25%),0.2781,MILD,0.9,18.0,18.0,0.4849,20,BUY,1.325,correct,✅,2024-08-12,2024-08-19,Win16: Bounce-YenRecov    (Aug12→19-2024)
SLV,1.0,1.0,0.0,0.04,Sideways,0.855,N/A,0.3,OK,0.9267,0.6224,SIDEWAYS,0.95,0.5,0.9384,False,0.0032,0.72,sma20_dist,0.002999,0.9922,0.6368,0.281,0.95,MILD,NO_CONFLICT,0.4776,0.9352,0.75,STRONG SYCOPHANCY — low dominance (−25%),0.2768,MILD,0.9,7.79,7.79,0.2164,30,HOLD,5.257,hold,—,2024-08-12,2024-08-19,Win16: Bounce-YenRecov    (Aug12→19-2024)
XOM,0.9971,0.9971,0.0029,0.05,Sideways,0.93,N/A,0.35,OK,0.9022,0.7518,SIDEWAYS,0.9954,0.6846,0.9488,True,0.0466,1.0,RSI,0.00193,0.9927,0.9419,0.2784,0.95,MILD,NO_CONFLICT,0.7064,0.9146,0.75,STRONG SYCOPHANCY — low dominance (−25%),0.2841,MILD,0.9,18.0,18.0,0.5596,16,BUY,0.407,noise_c,🔍✓,2024-08-12,2024-08-19,Win16: Bounce-YenRecov    (Aug12→19-2024)
CVX,1.0,1.0,0.0,0.04,Bear,0.98,N/A,0.35,OK,1.0081,0.4594,CHAOTIC,0.9654,0.6512,0.9868,False,0.0,0.72,sma10_dist,0.002067,0.9919,0.6695,0.671,0.5,CRITICAL,NO_CONFLICT,0.5021,0.8956,0.75,STRONG SYCOPHANCY — low dominance (−25%),0.6958,HIGH,0.5775,2.22,2.22,0.1702,1,HOLD,2.381,hold,—,2024-08-12,2024-08-19,Win16: Bounce-YenRecov    (Aug12→19-2024)
WMT,1.0,1.0,0.0,0.04,Sideways,0.77,N/A,0.3381,OK,0.9823,0.5887,NEUTRAL,1.0554,0.7513,1.0189,False,0.0046,0.72,macd_norm,0.002269,0.9922,0.6915,0.281,0.95,MILD,NO_CONFLICT,0.5186,0.8956,0.75,STRONG SYCOPHANCY — low dominance (−25%),0.2732,MILD,0.828,10.93,10.93,0.2779,16,HOLD,7.613,hold,—,2024-08-12,2024-08-19,Win16: Bounce-YenRecov    (Aug12→19-2024)
PG,0.004,0.004,0.004,0.03,Bear,0.74,N/A,0.4723,MINOR,0.9175,0.6711,SIDEWAYS,0.9653,0.6511,0.9414,True,-0.1054,1.0,RSI,-0.0014,0.1607,0.1513,0.2346,0.95,MILD,NO_CONFLICT,0.0948,0.9505,0.65,EXTREME SYCOPHANCY — ensemble collapsed (−35%),0.2724,MILD,0.9,0.0,2.0,-0.5086,0,SELL,0.965,noise_w,🔍✗,2024-08-12,2024-08-19,Win16: Bounce-YenRecov    (Aug12→19-2024)
JNJ,0.0013,0.0013,0.0013,0.03,Bear,0.82,N/A,0.3743,OK,1.0097,0.4517,CHAOTIC,0.9456,0.5853,0.9777,True,-0.6631,1.0,sma10_dist,-0.000416,0.1597,0.1561,0.2342,0.95,MILD,NO_CONFLICT,0.1015,0.9586,0.65,EXTREME SYCOPHANCY — ensemble collapsed (−35%),0.2676,MILD,0.9,0.0,2.0,-0.4976,0,SELL,-0.156,noise_c,🔍✓,2024-08-12,2024-08-19,Win16: Bounce-YenRecov    (Aug12→19-2024)
NFLX,1.0,1.0,0.0,0.08,Sideways,0.68,N/A,0.5533,MINOR,0.923,0.6422,SIDEWAYS,0.9655,0.6515,0.9443,True,0.0213,1.0,vol_change,0.001269,0.9944,0.7895,0.277,0.95,MILD,NO_CONFLICT,0.5877,0.9287,0.75,STRONG SYCOPHANCY — low dominance (−25%),0.1803,HARMONY,1.0,18.12,18.12,0.3816,28,BUY,8.748,correct,✅,2024-08-12,2024-08-19,Win16: Bounce-YenRecov    (Aug12→19-2024)
DIS,1.0,1.0,0.0,0.06,Bear,0.98,N/A,0.3347,OK,0.9911,0.5445,CHAOTIC,0.9655,0.6515,0.9783,False,0.005,0.72,macd_norm,0.001652,0.9931,0.6995,0.669,0.5,CRITICAL,NO_CONFLICT,0.5246,0.9287,0.75,STRONG SYCOPHANCY — low dominance (−25%),0.7571,HIGH,0.572,2.59,2.59,0.2077,3,HOLD,5.666,hold,—,2024-08-12,2024-08-19,Win16: Bounce-YenRecov    (Aug12→19-2024)
CRM,1.0,1.0,0.0,0.07,Bear,0.98,N/A,0.3294,OK,0.9909,0.5457,CHAOTIC,0.9655,0.6515,0.9782,False,0.0003,0.72,sma20_dist,0.002728,0.9937,0.6998,0.668,0.5,CRITICAL,NO_CONFLICT,0.5249,0.9287,0.75,STRONG SYCOPHANCY — low dominance (−25%),0.6479,MODERATE,0.69,3.06,3.06,0.2081,1,HOLD,5.599,hold,—,2024-08-12,2024-08-19,Win16: Bounce-YenRecov    (Aug12→19-2024)
PLTR,0.0003,0.0003,0.0003,0.09,Bear,0.89,N/A,0.502,MINOR,0.9297,0.607,SIDEWAYS,0.9655,0.6515,0.9476,True,-0.1303,1.0,sma20_dist,-0.00232,0.1677,0.1589,0.326,0.95,MILD,NO_CONFLICT,0.1131,0.9369,0.75,STRONG SYCOPHANCY — low dominance (−25%),0.5004,MODERATE,0.69,0.0,2.0,-0.4782,0,SELL,10.619,wrong,❌,2024-08-12,2024-08-19,Win16: Bounce-YenRecov    (Aug12→19-2024)
AAPL,1.0,1.0,0.0,0.12,Bear,0.98,N/A,0.3193,OK,0.9901,0.5497,NEUTRAL,0.9655,0.6515,0.9778,True,0.0271,1.0,macd_norm,0.000298,0.9957,0.9736,0.7596,0.5,CRITICAL,NO_CONFLICT,0.6328,0.9592,0.65,EXTREME SYCOPHANCY — ensemble collapsed (−35%),0.6354,MODERATE,0.69,3.35,3.35,0.3881,1,HOLD,5.742,hold,—,2025-04-22,2025-04-29,Win17: Bounce-TariffPause (Apr22→29-2025)
MSFT,1.0,1.0,0.0,0.11,Bear,0.98,N/A,0.4761,MINOR,1.0104,0.4478,CHAOTIC,1.0614,0.838,1.0359,False,0.0002,0.72,sma10_dist,0.000823,0.9953,0.7424,0.692,0.5,CRITICAL,MILD_ADJUST,0.4642,0.9592,0.65,EXTREME SYCOPHANCY — ensemble collapsed (−35%),0.6378,MODERATE,0.69,1.02,1.02,0.1069,0,HOLD,7.421,hold,—,2025-04-22,2025-04-29,Win17: Bounce-TariffPause (Apr22→29-2025)
NVDA,1.0,1.0,0.0,0.15,Bear,0.98,N/A,0.4487,MINOR,0.9201,0.6574,SIDEWAYS,0.9655,0.6515,0.9428,True,0.0247,1.0,log_return,0.004299,0.9965,0.9395,0.76,0.5,CRITICAL,MILD_ADJUST,0.5958,0.9592,0.65,EXTREME SYCOPHANCY — ensemble collapsed (−35%),0.6284,MODERATE,0.69,2.81,2.81,0.3263,2,HOLD,10.244,hold,—,2025-04-22,2025-04-29,Win17: Bounce-TariffPause (Apr22→29-2025)
TSLA,1.0,1.0,0.0,0.16,Bear,0.98,N/A,0.948,CRITICAL,1.0097,0.4515,NEUTRAL,0.9655,0.6515,0.9876,False,0.0003,0.72,sma10_dist,0.005155,0.9967,0.7087,0.759,0.5,CRITICAL,MILD_ADJUST,0.3685,0.9592,0.65,EXTREME SYCOPHANCY — ensemble collapsed (−35%),0.6262,MODERATE,0.69,0.0,0.0,-0.0524,0,HOLD,22.717,hold,—,2025-04-22,2025-04-29,Win17: Bounce-TariffPause (Apr22→29-2025)
META,1.0,1.0,0.0,0.13,Bear,0.98,N/A,0.4764,MINOR,1.0103,0.4487,CHAOTIC,0.9655,0.6515,0.9879,False,0.0032,0.72,sma10_dist,0.002431,0.996,0.7084,0.7508,0.5,CRITICAL,MILD_ADJUST,0.4429,0.9592,0.65,EXTREME SYCOPHANCY — ensemble collapsed (−35%),0.633,MODERATE,0.75,0.67,0.67,0.0715,0,HOLD,10.826,hold,—,2025-04-22,2025-04-29,Win17: Bounce-TariffPause (Apr22→29-2025)
GOOGL,1.0,1.0,0.0,0.1,Bear,0.98,N/A,0.4388,MINOR,1.0105,0.4475,NEUTRAL,0.9655,0.6515,0.988,False,0.0039,0.72,sma10_dist,0.002615,0.995,0.7078,0.7056,0.5,CRITICAL,NO_CONFLICT,0.4511,0.9592,0.65,EXTREME SYCOPHANCY — ensemble collapsed (−35%),0.6403,MODERATE,0.69,0.73,0.73,0.0852,0,HOLD,5.737,hold,—,2025-04-22,2025-04-29,Win17: Bounce-TariffPause (Apr22→29-2025)
AMZN,1.0,1.0,0.0,0.12,Bear,0.98,N/A,0.4115,MINOR,1.0136,0.4322,NEUTRAL,0.9655,0.6515,0.9896,False,0.0001,0.72,sma20_dist,0.002772,0.9957,0.7094,0.7363,0.5,CRITICAL,NO_CONFLICT,0.4584,0.9592,0.65,EXTREME SYCOPHANCY — ensemble collapsed (−35%),0.6354,MODERATE,0.69,0.84,0.84,0.0974,0,HOLD,8.205,hold,—,2025-04-22,2025-04-29,Win17: Bounce-TariffPause (Apr22→29-2025)
AMD,1.0,1.0,0.0,0.13,Bear,0.98,N/A,0.8214,CRITICAL,0.9253,0.6302,SIDEWAYS,0.9655,0.6515,0.9454,False,0.0025,0.72,log_return,0.002665,0.996,0.6779,0.762,0.5,CRITICAL,MILD_ADJUST,0.3525,0.9592,0.65,EXTREME SYCOPHANCY — ensemble collapsed (−35%),0.633,MODERATE,0.69,0.0,0.0,-0.0791,0,HOLD,11.361,hold,—,2025-04-22,2025-04-29,Win17: Bounce-TariffPause (Apr22→29-2025)
INTC,0.9989,0.9989,0.0011,0.09,Bear,0.98,N/A,0.9146,CRITICAL,0.9086,0.718,SIDEWAYS,0.9655,0.6515,0.937,True,0.0507,1.0,log_return,-0.002074,0.9945,0.9319,0.7652,0.5,CRITICAL,MILD_ADJUST,0.5592,0.9329,0.75,STRONG SYCOPHANCY — low dominance (−25%),0.644,MODERATE,0.5865,1.94,1.94,0.2653,9,HOLD,4.254,hold,—,2025-04-22,2025-04-29,Win17: Bounce-TariffPause (Apr22→29-2025)
ORCL,1.0,1.0,0.0,0.09,Bear,0.98,N/A,0.4159,MINOR,1.0103,0.4487,NEUTRAL,0.9655,0.6515,0.9879,False,0.0004,0.72,macd_norm,0.00186,0.9946,0.7074,0.7319,0.5,CRITICAL,NO_CONFLICT,0.5263,0.8954,0.75,STRONG SYCOPHANCY — low dominance (−25%),0.6427,MODERATE,0.5865,1.54,1.54,0.2106,1,HOLD,10.649,hold,—,2025-04-22,2025-04-29,Win17: Bounce-TariffPause (Apr22→29-2025)
SPY,1.0,1.0,0.0,0.13,Bear,0.98,N/A,0.3,OK,1.0108,0.4462,CHAOTIC,0.95,0.5,0.9804,False,0.0005,0.72,RSI,0.000665,0.996,0.703,0.7042,0.5,CRITICAL,NO_CONFLICT,0.5272,0.8954,0.75,STRONG SYCOPHANCY — low dominance (−25%),0.633,MODERATE,0.5865,1.55,1.55,0.2121,0,HOLD,5.134,hold,—,2025-04-22,2025-04-29,Win17: Bounce-TariffPause (Apr22→29-2025)
QQQ,1.0,1.0,0.0,0.15,Bear,0.98,N/A,0.3,OK,1.0105,0.4475,CHAOTIC,0.95,0.5,0.9802,False,0.0001,0.72,sma10_dist,0.000741,0.9965,0.7033,0.7141,0.5,CRITICAL,NO_CONFLICT,0.5275,0.8954,0.75,STRONG SYCOPHANCY — low dominance (−25%),0.6284,MODERATE,0.6375,1.69,1.69,0.2125,0,HOLD,6.986,hold,—,2025-04-22,2025-04-29,Win17: Bounce-TariffPause (Apr22→29-2025)
DIA,1.0,1.0,0.0,0.11,Bear,0.98,N/A,0.3,OK,1.0072,0.4639,CHAOTIC,0.95,0.5,0.9786,False,0.0004,0.72,log_return,0.001848,0.9953,0.7013,0.6853,0.5,CRITICAL,NO_CONFLICT,0.526,0.8954,0.75,STRONG SYCOPHANCY — low dominance (−25%),0.6378,MODERATE,0.6375,2.08,2.08,0.21,0,HOLD,3.404,hold,—,2025-04-22,2025-04-29,Win17: Bounce-TariffPause (Apr22→29-2025)
IWM,1.0,1.0,0.0,0.14,Bear,0.98,N/A,0.3,OK,1.0123,0.4386,CHAOTIC,0.95,0.5,0.9811,False,0.0,0.72,log_return,0.001629,0.9962,0.7038,0.6956,0.5,CRITICAL,NO_CONFLICT,0.5278,0.8954,0.75,STRONG SYCOPHANCY — low dominance (−25%),0.6307,MODERATE,0.5865,1.56,1.56,0.2131,0,HOLD,4.598,hold,—,2025-04-22,2025-04-29,Win17: Bounce-TariffPause (Apr22→29-2025)
JPM,1.0,1.0,0.0,0.1,Bear,0.68,N/A,0.3738,OK,0.9271,0.6205,SIDEWAYS,0.9655,0.6515,0.9463,False,0.0002,0.72,vol_change,0.00329,0.995,0.57,0.7122,0.5,CRITICAL,NO_CONFLICT,0.4275,0.8954,0.75,STRONG SYCOPHANCY — low dominance (−25%),0.5525,MODERATE,0.6375,0.37,0.37,0.0458,0,HOLD,3.833,hold,—,2025-04-22,2025-04-29,Win17: Bounce-TariffPause (Apr22→29-2025)
BAC,1.0,1.0,0.0,0.09,Bear,0.98,N/A,0.3294,OK,1.0081,0.4594,CHAOTIC,0.9655,0.6515,0.9868,False,0.0,0.72,RSI,-0.001959,0.9946,0.7066,0.73,0.5,CRITICAL,NO_CONFLICT,0.53,0.8954,0.75,STRONG SYCOPHANCY — low dominance (−25%),0.6427,MODERATE,0.6375,1.73,1.73,0.2166,4,HOLD,4.358,hold,—,2025-04-22,2025-04-29,Win17: Bounce-TariffPause (Apr22→29-2025)
GS,1.0,1.0,0.0,0.11,Bear,0.98,N/A,0.3423,OK,0.9902,0.5491,CHAOTIC,0.9655,0.6515,0.9778,False,0.0,0.72,macd_norm,0.002047,0.9953,0.7008,0.742,0.5,CRITICAL,NO_CONFLICT,0.5256,0.8954,0.75,STRONG SYCOPHANCY — low dominance (−25%),0.6378,MODERATE,0.5865,1.53,1.53,0.2093,0,HOLD,5.564,hold,—,2025-04-22,2025-04-29,Win17: Bounce-TariffPause (Apr22→29-2025)
V,1.0,1.0,0.0,0.09,Bear,0.98,N/A,0.4,OK,0.9211,0.6521,SIDEWAYS,0.9655,0.6515,0.9433,False,0.0084,0.72,sma10_dist,-0.000565,0.9946,0.6755,0.7,0.5,CRITICAL,NO_CONFLICT,0.5066,0.8954,0.75,STRONG SYCOPHANCY — low dominance (−25%),0.6427,MODERATE,0.5865,1.3,1.3,0.1777,0,HOLD,3.054,hold,—,2025-04-22,2025-04-29,Win17: Bounce-TariffPause (Apr22→29-2025)
GLD,0.0002,0.0002,0.0002,-0.03,Bear,0.92,N/A,0.3,OK,1.0121,0.4396,CHAOTIC,0.95,0.5,0.981,True,-0.8998,1.0,RSI,-0.0025,0.1509,0.148,0.216,0.95,MILD,NO_CONFLICT,0.111,0.8972,0.75,STRONG SYCOPHANCY — low dominance (−25%),0.2577,MILD,0.7038,0.0,2.0,-0.4817,0,SELL,-1.623,noise_c,🔍✓,2025-04-22,2025-04-29,Win17: Bounce-TariffPause (Apr22→29-2025)
TLT,1.0,1.0,0.0,-0.04,Sideways,0.98,N/A,0.3,OK,0.9056,0.7337,SIDEWAYS,0.95,0.5,0.9278,True,0.1114,1.0,vol_change,0.001658,0.9849,0.8681,0.297,0.95,MILD,NO_CONFLICT,0.6511,0.8972,0.75,STRONG SYCOPHANCY — low dominance (−25%),0.2814,MILD,0.7956,15.91,15.91,0.4766,19,BUY,4.302,correct,✅,2025-04-22,2025-04-29,Win17: Bounce-TariffPause (Apr22→29-2025)
SLV,0.9994,0.9994,0.0006,0.05,Bear,0.73,N/A,0.3,OK,0.9866,0.5668,CHAOTIC,0.95,0.5,0.9683,True,0.048,1.0,log_return,0.001542,0.9925,0.9611,0.6846,0.5,CRITICAL,NO_CONFLICT,0.7208,0.8972,0.75,STRONG SYCOPHANCY — low dominance (−25%),0.677,HIGH,0.4675,4.27,4.27,0.5347,14,HOLD,1.119,hold,—,2025-04-22,2025-04-29,Win17: Bounce-TariffPause (Apr22→29-2025)
XOM,0.546,0.546,0.454,0.08,Bear,0.98,N/A,0.35,OK,0.913,0.6948,SIDEWAYS,0.9655,0.6515,0.9393,True,-0.4088,1.0,sma20_dist,-0.001501,0.7952,0.7469,0.3635,0.85,MODERATE,MILD_ADJUST,0.4761,0.9388,0.75,STRONG SYCOPHANCY — low dominance (−25%),0.5644,MODERATE,0.5865,1.61,1.61,0.1268,1,HOLD,0.055,hold,—,2025-04-22,2025-04-29,Win17: Bounce-TariffPause (Apr22→29-2025)
CVX,0.4327,0.4327,0.4327,0.07,Bear,0.98,N/A,0.35,OK,0.9895,0.5526,CHAOTIC,0.9655,0.6515,0.9775,True,-0.5577,1.0,RSI,0.00242,0.3664,0.3582,0.3593,0.85,MODERATE,MILD_ADJUST,0.1979,0.9836,0.65,EXTREME SYCOPHANCY — ensemble collapsed (−35%),0.6158,MODERATE,0.6375,0.0,2.0,-0.3368,0,SELL,1.457,noise_w,🔍✗,2025-04-22,2025-04-29,Win17: Bounce-TariffPause (Apr22→29-2025)
WMT,0.9999,0.9999,0.0001,0.07,Bear,0.87,N/A,0.3381,OK,1.0072,0.4639,CHAOTIC,0.9655,0.6515,0.9864,False,0.0068,0.72,log_return,0.002145,0.9936,0.7057,0.6999,0.5,CRITICAL,NO_CONFLICT,0.5293,0.9463,0.75,STRONG SYCOPHANCY — low dominance (−25%),0.6204,MODERATE,0.6375,1.76,1.76,0.2155,1,HOLD,1.255,hold,—,2025-04-22,2025-04-29,Win17: Bounce-TariffPause (Apr22→29-2025)
PG,0.3713,0.3713,0.3713,0.05,Bear,0.87,N/A,0.4723,MINOR,0.9885,0.5577,CHAOTIC,0.9655,0.6515,0.977,True,-0.4989,1.0,RSI,0.002654,0.3049,0.2979,0.2957,0.95,MILD,MILD_ADJUST,0.1831,0.9445,0.75,STRONG SYCOPHANCY — low dominance (−25%),0.1774,HARMONY,0.85,0.0,2.0,-0.3615,0,SELL,-3.348,correct,✅,2025-04-22,2025-04-29,Win17: Bounce-TariffPause (Apr22→29-2025)
JNJ,0.0023,0.0023,0.0023,0.05,Bear,0.73,N/A,0.3743,OK,0.9071,0.7259,SIDEWAYS,1.0314,0.8046,0.9693,True,-0.7663,1.0,sma10_dist,-0.005801,0.1629,0.1579,0.2529,0.95,MILD,NO_CONFLICT,0.1184,0.9474,0.75,STRONG SYCOPHANCY — low dominance (−25%),0.2174,HARMONY,0.884,0.0,2.0,-0.4693,0,SELL,-1.166,noise_c,🔍✓,2025-04-22,2025-04-29,Win17: Bounce-TariffPause (Apr22→29-2025)
NFLX,1.0,1.0,0.0,0.1,Bear,0.89,N/A,0.5533,MINOR,0.9126,0.6968,SIDEWAYS,1.0014,0.7713,0.957,False,0.0012,0.72,macd_norm,0.00378,0.995,0.6856,0.7088,0.5,CRITICAL,MILD_ADJUST,0.4115,0.9799,0.65,EXTREME SYCOPHANCY — ensemble collapsed (−35%),0.6178,MODERATE,0.663,0.0,0.0,0.0191,0,HOLD,8.199,hold,—,2025-04-22,2025-04-29,Win17: Bounce-TariffPause (Apr22→29-2025)
DIS,1.0,1.0,0.0,0.08,Bear,0.98,N/A,0.3347,OK,1.0109,0.4456,CHAOTIC,0.9655,0.6515,0.9882,False,0.0009,0.72,vol_change,0.001593,0.9941,0.7073,0.7362,0.5,CRITICAL,NO_CONFLICT,0.4597,0.9799,0.65,EXTREME SYCOPHANCY — ensemble collapsed (−35%),0.6453,MODERATE,0.6375,0.79,0.79,0.0996,0,HOLD,5.901,hold,—,2025-04-22,2025-04-29,Win17: Bounce-TariffPause (Apr22→29-2025)
CRM,1.0,1.0,0.0,0.1,Bear,0.98,N/A,0.3294,OK,1.0119,0.4407,CHAOTIC,0.9655,0.6515,0.9887,False,0.0034,0.72,log_return,0.002623,0.995,0.7083,0.705,0.5,CRITICAL,NO_CONFLICT,0.4604,0.9799,0.65,EXTREME SYCOPHANCY — ensemble collapsed (−35%),0.6403,MODERATE,0.5865,0.74,0.74,0.1007,0,HOLD,10.013,hold,—,2025-04-22,2025-04-29,Win17: Bounce-TariffPause (Apr22→29-2025)
PLTR,0.9999,0.9999,0.0001,0.18,Bear,0.73,N/A,0.502,MINOR,0.9266,0.6232,SIDEWAYS,0.9655,0.6515,0.9461,True,0.0168,1.0,sma10_dist,0.004128,0.9971,0.9433,0.7569,0.5,CRITICAL,MILD_ADJUST,0.5819,0.9799,0.65,EXTREME SYCOPHANCY — ensemble collapsed (−35%),0.5508,MODERATE,0.5865,2.22,2.22,0.3031,2,HOLD,23.503,hold,—,2025-04-22,2025-04-29,Win17: Bounce-TariffPause (Apr22→29-2025)
